source,target
81027087,80000392
81027087,80042906
81027090,80052824
81027090,80086304
81027090,82020799
81027090,82026066
81027090,82026541
81027090,80029561
81027090,80000191
81027090,82000017
81027090,82000020
81027090,82000026
81027090,82000027
81027090,82000028
81027090,82000029
81027090,82000031
81027090,82000033
81027090,82000034
81027090,82000038
81027090,82000040
81027090,82000041
81027090,82000042
81027090,82000043
81027090,82000045
81027090,82000046
81027090,82000047
81027090,82000049
81027090,82000051
81027090,82000052
81027090,82000053
81027090,82000055
81027090,82000057
81027090,82000059
81027090,82000065
81027090,82000069
81027090,82000070
81027090,82000072
81027090,82000073
81027090,82000076
81027090,82000080
81027090,82000083
81027090,82000084
81027090,82000085
81027090,82000094
81027090,82000101
81027090,82000105
81027090,82000108
81027090,82000109
81027090,82000110
81027090,82000111
81027090,82000115
81027090,82000124
81027090,82000128
81027090,82000131
81027090,82000132
81027090,82000135
81027090,82000136
81027090,82000137
81027090,82000139
81027090,82000140
81027090,82000141
81027090,82000142
81027090,82000146
81027090,82000148
81027090,82000153
81027090,82000155
81027090,82000156
81027090,82000157
81027090,82000162
81027090,82000163
81027090,82000167
81027090,82000168
81027090,82000169
81027090,82000170
81027090,82000172
81027090,82000173
81027090,82000175
81027090,82000176
81027090,82000178
81027090,82000180
81027090,82000181
81027090,82000182
81027090,82000188
81027090,82000189
81027090,82000190
81027090,82000191
81027090,82000194
81027090,82000195
81027090,82000196
81027090,82000198
81027090,82000201
81027090,82000203
81027090,82000205
81027090,82000206
81027090,82000207
81027090,82000209
81027090,82000212
81027090,82000215
81027090,82000216
81027090,82000219
81027090,82000223
81027090,82000224
81027090,82000229
81027090,82000232
81027090,82000233
81027090,82000236
81027090,82000243
81027090,82000246
81027090,82000247
81027090,82000248
81027090,82000250
81027090,82000251
81027090,82000253
81027090,82000255
81027090,82000256
81027090,82000258
81027090,82000266
81027090,82000267
81027090,82000271
81027090,82000272
81027090,82000273
81027090,82000274
81027090,82000276
81027090,82000277
81027090,82000278
81027090,82000280
81027090,82000284
81027090,82000286
81027090,82000288
81027090,82000289
81027090,82000295
81027090,82000296
81027090,82000299
81027090,82000301
81027090,82000303
81027090,82000304
81027090,82000306
81027090,82000307
81027090,82000309
81027090,82000312
81027090,82000317
81027090,82000318
81027090,82000319
81027090,82000322
81027090,82000324
81027090,82000325
81027090,82000327
81027090,82000328
81027090,82000329
81027090,82000334
81027090,82000335
81027090,82000336
81027090,82000339
81027090,82000342
81027090,82000343
81027090,82000345
81027090,82000346
81027090,82000353
81027090,82000354
81027090,82000355
81027090,82000422
81027090,82000424
81027090,82000423
81027090,82000426
81027090,82000425
81027090,82000429
81027090,82000430
81027090,82000432
81027090,82000433
81027090,82000434
81027090,82000435
81027090,82000438
81027090,82000439
81027090,82000440
81027090,82000444
81027090,82000445
81027090,82000449
81027090,82000455
81027090,82000459
81027090,82000460
81027090,82000461
81027090,82000462
81027090,82000465
81027090,82000467
81027090,82000469
81027090,82000474
81027090,82000477
81027090,82000478
81027090,82000480
81027090,82000481
81027090,82000482
81027090,82000483
81027090,82000486
81027090,82000488
81027090,82000491
81027090,82000492
81027090,82000493
81027090,82000494
81027090,82000495
81027090,82000498
81027090,82000499
81027090,82000502
81027090,82000504
81027090,82000510
81027090,82000511
81027090,82000512
81027090,82000513
81027090,82000515
81027090,82000521
81027090,82000522
81027090,82000528
81027090,82000529
81027090,82000531
81027090,82000532
81027090,82000533
81027090,82000534
81027090,82000536
81027090,82000537
81027090,82000538
81027090,82000539
81027090,82000543
81027090,82000549
81027090,82000553
81027090,82000555
81027090,82000558
81027090,82000559
81027090,82000560
81027090,82000561
81027090,82000562
81027090,82000564
81027090,82000567
81027090,82000569
81027090,82000570
81027090,82000571
81027090,82000572
81027090,82000573
81027090,82000574
81027090,82000575
81027090,82000576
81027090,82000577
81027090,82000578
81027090,82000584
81027090,82000586
81027090,82000587
81027090,82000588
81027090,82000590
81027090,82000593
81027090,82000594
81027090,82000595
81027090,82000597
81027090,82000603
81027090,82000604
81027090,82000607
81027090,82000615
81027090,82000624
81027090,82000626
81027090,82000631
81027090,82000632
81027090,82000635
81027090,82000642
81027090,82000648
81027090,82000649
81027090,82000650
81027090,82000651
81027090,82000659
81027090,82000663
81027090,82000665
81027090,82000667
81027090,82000668
81027090,82000670
81027090,82000671
81027090,82000672
81027090,82000674
81027090,82000676
81027090,82000679
81027090,82000685
81027090,82000687
81027090,82000688
81027090,82000689
81027090,82000691
81027090,82000693
81027090,82000696
81027090,82000697
81027090,82000699
81027090,82000705
81027090,82000710
81027090,82000712
81027090,82000715
81027090,82000716
81027090,82000717
81027090,82000719
81027090,82000720
81027090,82000721
81027090,82000722
81027090,82000724
81027090,82000725
81027090,82000726
81027090,82000727
81027090,82000729
81027090,82000730
81027090,82000731
81027090,82000733
81027090,82000734
81027090,82000736
81027090,82000737
81027090,82000738
81027090,82000742
81027090,82000743
81027090,82000747
81027090,82000758
81027090,82000761
81027090,82000764
81027090,82000765
81027090,82000768
81027090,82000770
81027090,82000771
81027090,82000772
81027090,82000775
81027090,82000779
81027090,82000783
81027090,82000785
81027090,82000787
81027090,82000795
81027090,82000797
81027090,82000799
81027090,82000800
81027090,82000801
81027090,82000810
81027090,82000812
81027090,82000813
81027090,82000814
81027090,82000819
81027090,82000821
81027090,82000835
81027090,82000837
81027090,82000840
81027090,82000841
81027090,82000843
81027090,82000844
81027090,82000845
81027090,82000846
81027090,82000847
81027090,82000850
81027090,82000851
81027090,82000852
81027090,82000853
81027090,82000854
81027090,82000856
81027090,82000857
81027090,82000861
81027090,82000863
81027090,82000865
81027090,82000868
81027090,82000869
81027090,82000870
81027090,82000871
81027090,82000876
81027090,82000884
81027090,82000891
81027090,82000893
81027090,82000894
81027090,82000902
81027090,82000907
81027090,82000911
81027090,82000912
81027090,82000920
81027090,82000921
81027090,82000928
81027090,82000933
81027090,82000935
81027090,82000936
81027090,82000939
81027090,82000940
81027090,82000946
81027090,82000949
81027090,82000950
81027090,82000951
81027090,82000952
81027090,82000953
81027090,82000955
81027090,82000956
81027090,82000957
81027090,82000958
81027090,82000961
81027090,82000962
81027090,82000963
81027090,82000966
81027090,82000968
81027090,82000970
81027090,82000975
81027090,82000977
81027090,82000980
81027090,82000988
81027090,82000989
81027090,82000998
81027090,82001000
81027090,82001010
81027090,82001013
81027090,82001020
81027090,82001022
81027090,82001026
81027090,82001030
81027090,82001032
81027090,82001033
81027090,82001039
81027090,82001041
81027090,82001042
81027090,82001053
81027090,82001054
81027090,82001055
81027090,82001058
81027090,82001064
81027090,82001065
81027090,82001066
81027090,82001070
81027090,82001071
81027090,82001072
81027090,82001075
81027090,82001079
81027090,82001083
81027090,82001098
81027090,82001114
81027090,82001120
81027090,82001121
81027090,82001127
81027090,82001128
81027090,82001129
81027090,82001132
81027090,82001136
81027090,82001137
81027090,82001146
81027090,82001148
81027090,82001149
81027090,82001150
81027090,82001151
81027090,82001152
81027090,82001161
81027090,82001162
81027090,82001168
81027090,82001170
81027090,82001173
81027090,82001174
81027090,82001176
81027090,82001178
81027090,82001179
81027090,82001180
81027090,82001181
81027090,82001183
81027090,82001184
81027090,82001185
81027090,82001186
81027090,82001187
81027090,82001188
81027090,82001192
81027090,82001200
81027090,82001202
81027090,82001203
81027090,82001204
81027090,82001205
81027090,82001214
81027090,82001217
81027090,82001222
81027090,82001225
81027090,82001227
81027090,82001229
81027090,82001230
81027090,82001231
81027090,82001232
81027090,82001234
81027090,82001236
81027090,82001256
81027090,82001261
81027090,82001262
81027090,82001263
81027090,82001265
81027090,82001266
81027090,82001267
81027090,82001270
81027090,82001271
81027090,82001273
81027090,82001276
81027090,82001277
81027090,82001284
81027090,82001285
81027090,82001286
81027090,82001287
81027090,82001292
81027090,82001293
81027090,82001294
81027090,82001295
81027090,82001298
81027090,82001302
81027090,82001303
81027090,82001304
81027090,82001305
81027090,82001307
81027090,82001313
81027090,82001330
81027090,82001332
81027090,82001333
81027090,82001339
81027090,82001351
81027090,82001352
81027090,82001363
81027090,82001368
81027090,82001384
81027090,82001391
81027090,82001399
81027090,82001400
81027090,82001405
81027090,82001406
81027090,82001418
81027090,82001431
81027090,82001441
81027090,82001443
81027090,82001445
81027090,82001446
81027090,82001461
81027090,82001473
81027090,82001479
81027090,82001482
81027090,82001483
81027090,82001496
81027090,82001500
81027090,82001503
81027090,82001504
81027090,82001538
81027090,82001539
81027090,82001548
81027090,82001553
81027090,82001554
81027090,82001578
81027090,82001579
81027090,82001606
81027090,82001611
81027090,82001619
81027090,82001620
81027090,82001631
81027090,82001633
81027090,82001636
81027090,82001655
81027090,82001670
81027090,82001681
81027090,82001685
81027090,82001687
81027090,82001692
81027090,82001693
81027090,82001703
81027090,82001711
81027090,82001716
81027090,82001717
81027090,82001722
81027090,82001730
81027090,82001732
81027090,82001748
81027090,82001753
81027090,82001759
81027090,82001764
81027090,82001767
81027090,82001768
81027090,82001770
81027090,82001776
81027090,82001777
81027090,82001780
81027090,82001791
81027090,82001798
81027090,82002008
81027090,82002154
81027090,82002184
81027090,82002185
81027090,82002188
81027090,82002193
81027090,82002194
81027090,82002208
81027090,82002219
81027090,82002253
81027090,82002254
81027090,82002255
81027090,82002261
81027090,82002264
81027090,82002265
81027090,82002298
81027090,82002335
81027090,82002343
81027090,82002360
81027090,82002365
81027090,82002373
81027090,82002374
81027090,82002399
81027090,82002419
81027090,82002425
81027090,82002432
81027090,82002457
81027090,82002481
81027090,82002482
81027090,82002487
81027090,82002488
81027090,82002513
81027090,82002515
81027090,82002556
81027090,82002559
81027090,82002563
81027090,82002570
81027090,82002578
81027090,82002581
81027090,82002586
81027090,82002591
81027090,82002602
81027090,82002603
81027090,82002605
81027090,82002614
81027090,82002629
81027090,82002630
81027090,82002639
81027090,82002644
81027090,82002649
81027090,82002654
81027090,82002657
81027090,82002659
81027090,82002660
81027090,82002687
81027090,82002804
81027090,82002825
81027090,82002914
81027090,82002926
81027090,82002961
81027090,82002984
81027090,82003004
81027090,82003006
81027090,82003011
81027090,82003034
81027090,82003061
81027090,82003068
81027090,82003093
81027090,82003103
81027090,80037030
81027090,82003135
81027090,82003165
81027090,82003177
81027090,80037220
81027090,82003383
81027090,82003388
81027090,82003392
81027090,82003402
81027090,82003403
81027090,82003405
81027090,82003407
81027090,82003408
81027090,82003414
81027090,82003420
81027090,82003509
81027090,82003515
81027090,82003516
81027090,82003528
81027090,82003557
81027090,82003564
81027090,82003579
81027090,82003642
81027090,82003647
81027090,82003678
81027090,82003725
81027090,82003733
81027090,82003771
81027090,82003778
81027090,82003808
81027090,82003813
81027090,82003814
81027090,82003829
81027090,82003916
81027090,82003921
81027090,82003922
81027090,82003959
81027090,82003989
81027090,82004013
81027090,82004044
81027090,82004045
81027090,82004071
81027090,82004091
81027090,82004121
81027090,82004168
81027090,82004193
81027090,82004225
81027090,82004228
81027090,82004251
81027090,82004263
81027090,82004265
81027090,82004333
81027090,82004416
81027090,82004438
81027090,82004476
81027090,80038456
81027090,80038458
81027090,80103990
81027090,82004682
81027090,82004795
81027090,82004937
81027090,82005062
81027090,80039002
81027090,82005163
81027090,82005252
81027090,82005342
81027090,82005372
81027090,82005381
81027090,82005382
81027090,82005457
81027090,82005505
81027090,82005593
81027090,80039570
81027090,80039928
81027090,80040445
81027090,82006717
81027090,82007204
81027090,82008147
81027090,82008449
81027090,82008646
81027090,82008720
81027090,82009922
81027090,80051388
81027090,80117234
81027090,80116007
81027090,82011232
81027090,82013729
81027090,82014117
81027090,82014280
82003989,80056032
82003989,80037709
82003989,80039002
82003989,80043562
82003989,80039570
82003989,80040445
82003989,81029389
82026522,80052824
82026522,80086304
82026522,80039002
82026522,80042906
82026522,80103990
82026522,81029389
80011301,82011232
80011301,81027146
82004013,80000191
82004013,80037220
82004013,80143647
82004013,80038456
82004013,80040445
82004013,81029389
82026541,80043562
82026541,80037709
82026541,80000191
82026541,80117234
82026541,81029389
82014280,80052824
82014280,80029561
82014280,80000191
82014280,80037220
82014280,80038456
82014280,80103990
82014280,80039002
82014280,80042906
82014280,80043562
82014280,80111107
82014280,80051388
81027146,80011987
81027146,80012109
81027146,80051574
81027146,80051573
82004044,80088213
82004044,80000191
82004044,80039002
82004044,80043562
82004044,80040445
82004044,81029389
82004045,80088213
82004045,80000191
82004045,80039002
82004045,80043562
82004045,80040445
82004045,81029389
82008147,80088213
82008147,80025889
82008147,80000191
82008147,80037709
82008147,80039709
82008147,80040445
82008147,80042906
82008147,80116007
82002008,80088213
82002008,80025889
82002008,80000191
82002008,80043562
82002008,80042906
82002008,80103990
82002008,80037220
82002008,80044129
82002008,81029389
80044129,82025143
80044129,82025293
80044129,82025891
80044129,82000042
80044129,82000047
80044129,82000069
80044129,82000070
80044129,82000072
80044129,82000073
80044129,82000085
80044129,82000094
80044129,82000128
80044129,82000137
80044129,82000140
80044129,82000141
80044129,82000156
80044129,82000162
80044129,82000168
80044129,82000180
80044129,82000181
80044129,82000189
80044129,82000191
80044129,82000201
80044129,82000236
80044129,82000248
80044129,82000250
80044129,82000256
80044129,82000261
80044129,82000267
80044129,82000272
80044129,82000273
80044129,82000274
80044129,82000281
80044129,82000284
80044129,82000299
80044129,82000303
80044129,82000304
80044129,82000317
80044129,82000318
80044129,82000325
80044129,82000349
80044129,82000354
80044129,82000356
80044129,82000424
80044129,82000423
80044129,82000434
80044129,82000458
80044129,82000477
80044129,82000480
80044129,82000481
80044129,82000495
80044129,82000498
80044129,82000499
80044129,82000536
80044129,82000537
80044129,82000538
80044129,82000555
80044129,82000558
80044129,82000560
80044129,82000562
80044129,82000563
80044129,82000567
80044129,82000569
80044129,82000576
80044129,82000577
80044129,82000597
80044129,82000624
80044129,82000679
80044129,82000691
80044129,82000696
80044129,82000727
80044129,82000729
80044129,82000764
80044129,82000765
80044129,82000783
80044129,82000785
80044129,82000800
80044129,82000801
80044129,82000810
80044129,82000812
80044129,82000821
80044129,82000840
80044129,82000852
80044129,82000856
80044129,82000861
80044129,82000863
80044129,82000884
80044129,82000893
80044129,82000907
80044129,82000911
80044129,82000935
80044129,82001013
80044129,82001070
80044129,82001071
80044129,82001072
80044129,82001075
80044129,82001098
80044129,82001129
80044129,82001132
80044129,82001146
80044129,82001149
80044129,82001150
80044129,82001152
80044129,82001184
80044129,82001185
80044129,82001186
80044129,82001204
80044129,82001205
80044129,82001227
80044129,82001229
80044129,82001230
80044129,82001231
80044129,82001232
80044129,82001267
80044129,82001271
80044129,82001276
80044129,82001302
80044129,82001351
80044129,82001363
80044129,82001431
80044129,82001443
80044129,82001451
80044129,82001504
80044129,82001538
80044129,82001553
80044129,82001554
80044129,82001578
80044129,82001611
80044129,82001730
80044129,82001732
80044129,82001776
80044129,82002154
80044129,82002193
80044129,82002208
80044129,82002264
80044129,82002335
80044129,82002425
80044129,82002481
80044129,82002487
80044129,82002488
80044129,82002586
80044129,82002914
80044129,82003383
80044129,82003678
80044129,82003733
80044129,82003814
80044129,82003829
80044129,82004121
80044129,82004168
80044129,82004251
80044129,82004263
80044129,82004795
80044129,82005381
80044129,82005382
80044129,81029389
82004071,80088213
82004071,80000191
82004071,80037030
82004071,80037709
82004071,80039002
82004071,80143647
82004071,80040445
82004071,81029389
82004091,80000191
82004091,80037030
82004091,80039002
82004091,80117234
82004091,80039928
82004091,81029389
82000017,80052824
82000017,80029561
82000017,80000191
82000017,80111107
82000017,80143647
82000017,80051388
82000017,81029389
82000020,80039002
82000020,80037709
82000020,80039570
82000020,80042906
82000020,81029389
82000021,80025889
82000021,80037709
82000021,80143647
82000021,80051388
82000021,80039570
82000021,80042906
82000021,81029389
82004121,80052824
82004121,80056032
82004121,80103990
82004121,80117234
82004121,81029389
82000026,80088213
82000026,80000191
82000026,80039570
82000026,80040445
82000026,80037030
82000026,81029389
82000027,80088213
82000027,80025889
82000027,80000191
82000027,80043562
82000027,80038456
82000027,80039570
82000027,80042906
82000027,80037220
82000027,81029389
82000028,80052824
82000028,80029561
82000028,80111107
82000028,80103990
82000028,81029389
82000029,80056032
82000029,80039002
82000029,80043562
82000029,80039570
82000029,80040445
82000029,81029389
82000031,80052824
82000031,80111107
82000031,80143647
82000031,80039570
82000031,81029389
82000033,80056032
82000033,80043562
82000033,80039570
82000033,80042906
82000033,80040445
82000033,81029389
82000034,80056032
82000034,80029561
82000034,80039002
82000034,80043562
82000034,80039570
82000034,81029389
82000038,80039002
82000038,80043562
82000038,80037709
82000038,80039570
82000038,80037220
82000038,81029389
82000040,80000191
82000040,80039002
82000040,80038458
82000040,80040445
82000040,81029389
82000041,80143647
82000041,80051388
82000041,80037030
82000041,80039928
82000041,81029389
82000042,80086304
82000042,80025889
82000042,80000191
82000042,80143647
82000042,81029389
82000043,80052824
82000043,80037709
82000043,80117234
82000043,80037030
82000043,80039928
82000043,81029389
82000045,80000191
82000045,80039002
82000045,80143647
82000045,80037220
82000045,81029389
82000046,80025889
82000046,80039002
82000046,80037709
82000046,80143647
82000046,80037220
82000046,81029389
82000047,80052824
82000047,80056032
82000047,80000191
82000047,80039570
82000047,81029389
82000049,80000191
82000049,80037709
82000049,80143647
82000049,80039570
82000049,80042906
82000049,81029389
82000051,80088213
82000051,80039002
82000051,80037709
82000051,80143647
82000051,80039570
82000051,80040445
82000051,80037220
82000051,81029389
82000052,80088213
82000052,80056032
82000052,80029561
82000052,80143647
82000052,80051388
82000052,80037030
82000052,81029389
82000053,80025889
82000053,80000191
82000053,80143647
82000053,80042906
82000053,80037220
82000053,81029389
82000055,80052824
82000055,80000191
82000055,80039002
82000055,80117234
82000055,80039928
82000055,81029389
82000057,80000191
82000057,80039002
82000057,80039570
82000057,80037030
82000057,81029389
82000059,80056032
82000059,80043562
82000059,80143647
82000059,80040445
82000059,80037220
82000059,81029389
82000065,80088213
82000065,80000191
82000065,80043562
82000065,80038456
82000065,80042906
82000065,80037030
82000065,81029389
82000069,80088213
82000069,80143647
82000069,80038458
82000069,81029389
82000070,80143647
82000070,80051388
82000070,80117234
82000070,81029389
82004168,80052824
82004168,80000191
82004168,80103990
82004168,80117234
82004168,81029389
82000073,80088213
82000073,80000191
82000073,80037709
82000073,80038456
82000073,80037220
82000073,81029389
82000072,80037709
82000072,80103990
82000072,80117234
82000072,81029389
82000076,80039002
82000076,80037709
82000076,80143647
82000076,80038456
82000076,80042906
82000076,80037220
82000076,81029389
82000080,80039002
82000080,80037709
82000080,80143647
82000080,80042906
82000080,80037220
82000080,81029389
82000083,80086304
82000083,80029561
82000083,80000191
82000083,80143647
82000083,80037030
82000083,81029389
82000084,80000191
82000084,80039002
82000084,80037709
82000084,80040445
82000084,81029389
82000085,80056032
82000085,80143647
82000085,80037030
82000085,81029389
82000088,80088213
82000088,80039002
82000088,80043562
82000088,80143647
82000088,80039570
82000088,81029389
82000094,80143647
82000094,80051388
82000094,80117234
82000094,80039928
82000094,81029389
82002143,80052824
82002143,80086304
82002143,80111107
82002143,80117234
82002143,80037030
82002143,80039928
82002143,81029389
82004193,80000191
82004193,80037709
82004193,80039002
82004193,80143647
82004193,80038456
82004193,80042906
82004193,80040445
82004193,81029389
82000101,80088213
82000101,80000191
82000101,80037709
82000101,80103990
82000101,81029389
82000102,80037709
82000102,80111107
82000102,80143647
82000102,80039570
82000102,80037220
82000102,81029389
82000105,80052824
82000105,80037709
82000105,80143647
82000105,80103990
82000105,80117234
82000105,81029389
82002154,80052824
82002154,80000191
82002154,80111107
82002154,80103990
82002154,80117234
82002154,81029389
82000108,80037709
82000108,80051388
82000108,80038456
82000108,80039570
82000108,81029389
82000109,80056032
82000109,80025889
82000109,80000191
82000109,80037709
82000109,80038456
82000109,80039570
82000109,81029389
82000110,80056032
82000110,80025889
82000110,80037709
82000110,80038456
82000110,80039570
82000110,81029389
82000111,80052824
82000111,80000191
82000111,80039002
82000111,80143647
82000111,81029389
82000115,80000191
82000115,80039002
82000115,80111107
82000115,80039570
82000115,80038458
82000115,81029389
82000124,80000191
82000124,80039002
82000124,80037709
82000124,80143647
82000124,80042906
82000124,80040445
82000124,81029389
82000128,80000191
82000128,80111107
82000128,80039570
82000128,80042906
82000128,81029389
82004225,80056032
82004225,80025889
82004225,80000191
82004225,80037030
82004225,80039002
82004225,81029389
82000131,80052824
82000131,80111107
82000131,80039570
82000131,80038458
82000131,81029389
82004228,80088213
82004228,80056032
82004228,80000191
82004228,80037220
82004228,80042906
82004228,81029389
82000132,80052824
82000132,80086304
82000132,80000191
82000132,80039570
82000132,81029389
82000135,80039002
82000135,80043562
82000135,80143647
82000135,80037220
82000135,81029389
82002184,80056032
82002184,80000191
82002184,80037709
82002184,80038456
82002184,80040445
82002184,80037030
82002184,80037220
82002184,81029389
82002185,80088213
82002185,80000191
82002185,80037709
82002185,80038456
82002185,80039570
82002185,80042906
82002185,81029389
82000136,80039002
82000136,80043562
82000136,80143647
82000136,80037220
82000136,81029389
82000137,80056032
82000137,80039002
82000137,80037220
82000137,81029389
82002188,80000191
82002188,80039002
82002188,80043562
82002188,80037709
82002188,80040445
82002188,81029389
81029389,80052824
81029389,80086304
81029389,82025143
81029389,82025179
81029389,82025234
81029389,82025256
81029389,82025283
81029389,82025293
81029389,82025891
81029389,82026066
81029389,82026097
81029389,80029561
81029389,80000191
81029389,82000139
81029389,82000140
81029389,82000141
81029389,82000142
81029389,82000146
81029389,82000148
81029389,82000153
81029389,82000155
81029389,82000156
81029389,82000157
81029389,82000162
81029389,82000163
81029389,82000167
81029389,82000168
81029389,82000169
81029389,82000170
81029389,82000172
81029389,82000173
81029389,82000175
81029389,82000176
81029389,82000178
81029389,82000180
81029389,82000181
81029389,82000182
81029389,82000188
81029389,82000189
81029389,82000190
81029389,82000191
81029389,82000194
81029389,82000195
81029389,82000196
81029389,82000198
81029389,82000201
81029389,82000203
81029389,82000205
81029389,82000206
81029389,82000207
81029389,82000209
81029389,82000212
81029389,82000215
81029389,82000216
81029389,82000219
81029389,82000223
81029389,82000224
81029389,82000229
81029389,82000232
81029389,82000233
81029389,82000236
81029389,82000243
81029389,82000246
81029389,82000247
81029389,82000248
81029389,82000250
81029389,82000251
81029389,82000253
81029389,82000255
81029389,82000256
81029389,82000258
81029389,82000261
81029389,82000266
81029389,82000267
81029389,82000271
81029389,82000272
81029389,82000273
81029389,82000274
81029389,82000276
81029389,82000277
81029389,82000278
81029389,82000280
81029389,82000281
81029389,82000284
81029389,82000285
81029389,82000286
81029389,82000288
81029389,82000289
81029389,82000295
81029389,82000296
81029389,82000299
81029389,82000301
81029389,82000303
81029389,82000304
81029389,82000306
81029389,82000307
81029389,82000309
81029389,82000312
81029389,82000317
81029389,82000318
81029389,82000319
81029389,82000322
81029389,82000324
81029389,82000325
81029389,82000327
81029389,82000328
81029389,82000329
81029389,82000334
81029389,82000335
81029389,82000336
81029389,82000339
81029389,82000342
81029389,82000343
81029389,82000345
81029389,82000349
81029389,82000352
81029389,82000353
81029389,82000354
81029389,82000355
81029389,82000356
81029389,82000422
81029389,82000424
81029389,82000423
81029389,82000426
81029389,82000425
81029389,82000429
81029389,82000430
81029389,82000432
81029389,82000433
81029389,82000434
81029389,82000435
81029389,82000438
81029389,82000439
81029389,82000440
81029389,82000444
81029389,82000445
81029389,82000449
81029389,82000451
81029389,82000455
81029389,82000458
81029389,82000459
81029389,82000460
81029389,82000461
81029389,82000462
81029389,82000465
81029389,82000467
81029389,82000469
81029389,82000474
81029389,82000477
81029389,82000478
81029389,82000480
81029389,82000481
81029389,82000482
81029389,82000483
81029389,82000486
81029389,82000488
81029389,82000491
81029389,82000492
81029389,82000493
81029389,82000494
81029389,82000498
81029389,82000499
81029389,82000502
81029389,82000504
81029389,82000510
81029389,82000511
81029389,82000512
81029389,82000513
81029389,82000515
81029389,82000521
81029389,82000522
81029389,82000527
81029389,82000528
81029389,82000529
81029389,82000531
81029389,82000532
81029389,82000533
81029389,82000534
81029389,82000536
81029389,82000537
81029389,82000538
81029389,82000539
81029389,82000543
81029389,82000549
81029389,82000553
81029389,82000555
81029389,82000558
81029389,82000559
81029389,82000560
81029389,82000561
81029389,82000562
81029389,82000563
81029389,82000564
81029389,82000567
81029389,82000569
81029389,82000570
81029389,82000571
81029389,82000572
81029389,82000573
81029389,82000574
81029389,82000575
81029389,82000576
81029389,82000577
81029389,82000578
81029389,82000584
81029389,82000586
81029389,82000587
81029389,82000588
81029389,82000590
81029389,82000593
81029389,82000594
81029389,82000595
81029389,82000597
81029389,82000603
81029389,82000604
81029389,82000607
81029389,82000615
81029389,82000624
81029389,82000626
81029389,82000631
81029389,82000632
81029389,82000635
81029389,82000642
81029389,82000648
81029389,82000649
81029389,82000650
81029389,82000651
81029389,82000659
81029389,82000663
81029389,82000665
81029389,82000667
81029389,82000670
81029389,82000671
81029389,82000672
81029389,82000674
81029389,82000676
81029389,82000679
81029389,82000683
81029389,82000685
81029389,82000687
81029389,82000688
81029389,82000689
81029389,82000691
81029389,82000693
81029389,82000696
81029389,82000697
81029389,82000699
81029389,82000705
81029389,82000710
81029389,82000712
81029389,82000715
81029389,82000716
81029389,82000717
81029389,82000719
81029389,82000720
81029389,82000721
81029389,82000722
81029389,82000724
81029389,82000725
81029389,82000726
81029389,82000727
81029389,82000729
81029389,82000730
81029389,82000731
81029389,82000733
81029389,82000734
81029389,82000736
81029389,82000737
81029389,82000738
81029389,82000742
81029389,82000743
81029389,82000747
81029389,82000758
81029389,82000761
81029389,82000764
81029389,82000765
81029389,82000768
81029389,82000770
81029389,82000771
81029389,82000772
81029389,82000775
81029389,82000779
81029389,82000783
81029389,82000785
81029389,82000787
81029389,82000795
81029389,82000797
81029389,82000799
81029389,82000800
81029389,82000801
81029389,82000810
81029389,82000812
81029389,82000813
81029389,82000814
81029389,82000819
81029389,82000821
81029389,82000835
81029389,82000837
81029389,82000840
81029389,82000841
81029389,82000843
81029389,82000844
81029389,82000845
81029389,82000846
81029389,82000847
81029389,82000850
81029389,82000851
81029389,82000852
81029389,82000853
81029389,82000854
81029389,82000856
81029389,82000857
81029389,82000861
81029389,82000863
81029389,82000865
81029389,82000868
81029389,82000869
81029389,82000870
81029389,82000871
81029389,82000876
81029389,82000884
81029389,82000891
81029389,82000893
81029389,82000894
81029389,82000902
81029389,82000907
81029389,82000909
81029389,82000911
81029389,82000912
81029389,82000920
81029389,82000921
81029389,82000928
81029389,82000933
81029389,82000935
81029389,82000936
81029389,82000939
81029389,82000940
81029389,82000946
81029389,82000947
81029389,82000949
81029389,82000950
81029389,82000951
81029389,82000952
81029389,82000953
81029389,82000955
81029389,82000956
81029389,82000957
81029389,82000958
81029389,82000961
81029389,82000962
81029389,82000963
81029389,82000966
81029389,82000968
81029389,82000970
81029389,82000975
81029389,82000977
81029389,82000979
81029389,82000980
81029389,82000988
81029389,82000989
81029389,82000998
81029389,82001000
81029389,82001010
81029389,82001013
81029389,82001020
81029389,82001022
81029389,82001026
81029389,82001030
81029389,82001032
81029389,82001033
81029389,82001039
81029389,82001041
81029389,82001042
81029389,82001053
81029389,82001054
81029389,82001055
81029389,82001058
81029389,82001064
81029389,82001065
81029389,82001066
81029389,82001070
81029389,82001071
81029389,82001072
81029389,82001075
81029389,82001079
81029389,82001083
81029389,82001098
81029389,82001114
81029389,82001120
81029389,82001121
81029389,82001127
81029389,82001128
81029389,82001129
81029389,82001132
81029389,82001136
81029389,82001137
81029389,82001146
81029389,82001148
81029389,82001149
81029389,82001150
81029389,82001151
81029389,82001152
81029389,82001161
81029389,82001162
81029389,82001168
81029389,82001170
81029389,82001173
81029389,82001174
81029389,82001176
81029389,82001178
81029389,82001179
81029389,82001180
81029389,82001181
81029389,82001183
81029389,82001184
81029389,82001185
81029389,82001186
81029389,82001187
81029389,82001188
81029389,82001192
81029389,82001200
81029389,82001202
81029389,82001203
81029389,82001204
81029389,82001205
81029389,82001210
81029389,82001214
81029389,82001217
81029389,82001222
81029389,82001225
81029389,82001227
81029389,82001229
81029389,82001230
81029389,82001231
81029389,82001232
81029389,82001234
81029389,82001236
81029389,82001256
81029389,82001261
81029389,82001262
81029389,82001263
81029389,82001265
81029389,82001266
81029389,82001267
81029389,82001270
81029389,82001271
81029389,82001273
81029389,82001276
81029389,82001277
81029389,82001284
81029389,82001285
81029389,82001286
81029389,82001287
81029389,82001292
81029389,82001293
81029389,82001294
81029389,82001295
81029389,82001298
81029389,82001302
81029389,82001303
81029389,82001304
81029389,82001305
81029389,82001307
81029389,82001313
81029389,82001330
81029389,82001332
81029389,82001333
81029389,82001339
81029389,82001351
81029389,82001352
81029389,82001363
81029389,82001368
81029389,82001384
81029389,82001391
81029389,82001399
81029389,82001400
81029389,82001405
81029389,82001406
81029389,82001418
81029389,82001431
81029389,82001441
81029389,82001443
81029389,82001445
81029389,82001446
81029389,82001451
81029389,82001461
81029389,82001473
81029389,82001479
81029389,82001482
81029389,82001483
81029389,82001496
81029389,82001500
81029389,82001503
81029389,82001504
81029389,82001538
81029389,82001539
81029389,82001548
81029389,82001553
81029389,82001554
81029389,82001569
81029389,82001578
81029389,82001579
81029389,82001606
81029389,82001611
81029389,82001619
81029389,82001620
81029389,82001631
81029389,82001633
81029389,82001636
81029389,82001655
81029389,82001670
81029389,82001681
81029389,82001685
81029389,82001687
81029389,82001692
81029389,82001693
81029389,82001703
81029389,82001711
81029389,82001716
81029389,82001717
81029389,82001722
81029389,82001730
81029389,82001732
81029389,82001736
81029389,82001748
81029389,82001753
81029389,82001759
81029389,82001764
81029389,82001767
81029389,82001768
81029389,82001770
81029389,82001776
81029389,82001777
81029389,82001780
81029389,82001791
81029389,82001798
81029389,82002193
81029389,82002194
81029389,82002208
81029389,82002219
81029389,82002253
81029389,82002254
81029389,82002255
81029389,82002261
81029389,82002264
81029389,82002265
81029389,82002298
81029389,82002335
81029389,82002342
81029389,82002343
81029389,82002360
81029389,82002365
81029389,82002373
81029389,82002374
81029389,82002399
81029389,82002419
81029389,82002425
81029389,82002432
81029389,82002457
81029389,82002481
81029389,82002482
81029389,82002487
81029389,82002488
81029389,82002513
81029389,82002515
81029389,82002556
81029389,82002559
81029389,82002563
81029389,82002570
81029389,82002578
81029389,82002581
81029389,82002586
81029389,82002591
81029389,82002602
81029389,82002603
81029389,82002605
81029389,82002614
81029389,82002629
81029389,82002630
81029389,82002639
81029389,82002644
81029389,82002649
81029389,82002654
81029389,82002657
81029389,82002659
81029389,82002660
81029389,82002687
81029389,82002804
81029389,82002825
81029389,82002914
81029389,82002926
81029389,82002961
81029389,82002984
81029389,82003004
81029389,82003006
81029389,82003011
81029389,82003034
81029389,82003061
81029389,82003068
81029389,82003093
81029389,82003103
81029389,80037030
81029389,82003135
81029389,82003165
81029389,82003177
81029389,80037220
81029389,82003383
81029389,82003388
81029389,82003392
81029389,82003402
81029389,82003403
81029389,82003405
81029389,82003407
81029389,82003408
81029389,82003414
81029389,82003420
81029389,82003509
81029389,82003515
81029389,82003516
81029389,82003528
81029389,82003557
81029389,82003564
81029389,82003579
81029389,82003642
81029389,82003647
81029389,82003678
81029389,82003725
81029389,82003733
81029389,82003771
81029389,82003778
81029389,82003808
81029389,82003813
81029389,82003814
81029389,82003829
81029389,82003916
81029389,82003921
81029389,82003922
81029389,82003959
81029389,82004251
81029389,82004263
81029389,82004265
81029389,82004333
81029389,82004416
81029389,82004438
81029389,82004476
81029389,80038456
81029389,80038458
81029389,80103990
81029389,82004682
81029389,82004795
81029389,82004937
81029389,82005062
81029389,80039002
81029389,82005163
81029389,82005252
81029389,82005342
81029389,82005372
81029389,82005381
81029389,82005382
81029389,82005457
81029389,82005505
81029389,82005593
81029389,80039570
81029389,80040445
81029389,82007204
81029389,82008646
81029389,82011232
81029389,80143647
81029389,80051388
81029389,80117234
81029389,80116007
81029389,82013729
82000142,80025889
82000142,80037709
82000142,80143647
82000142,80039570
82000142,80042906
82000142,80037220
82000139,80056032
82000139,80000191
82000139,80039570
82000139,80042906
82000140,80086304
82000140,80000191
82000140,80143647
82002193,80052824
82002193,80111107
82002193,80103990
82002193,80117234
82002194,80052824
82002194,80086304
82002194,80029561
82002194,80037709
82002194,80051388
82002194,80037030
82000146,80056032
82000146,80000191
82000146,80037709
82000146,80143647
82000146,80038456
82000141,80056032
82000141,80103990
82000141,80117234
82000148,80000191
82000148,80039002
82000148,80039570
82000148,80037030
82000153,80025889
82000153,80037709
82000153,80143647
82000153,80039570
82000153,80042906
82000153,80037220
82004251,80052824
82004251,80000191
82004251,80103990
82004251,80117234
82000156,80056032
82000156,80039002
82000156,80043562
82000156,80042906
82000155,80000191
82000155,80037709
82000155,80143647
82000155,80039570
82000157,80056032
82000157,80039002
82000157,80039570
82000157,80037030
82002208,80000191
82002208,80043562
82002208,80037709
82002208,80038456
82002208,80042906
80025889,82000168
80025889,82000212
80025889,82000219
80025889,82000232
80025889,82000243
80025889,82000289
80025889,82000296
80025889,82000322
80025889,82000324
80025889,82000325
80025889,82000349
80025889,82000458
80025889,82000499
80025889,82000528
80025889,82000536
80025889,82000549
80025889,82000553
80025889,82000558
80025889,82000570
80025889,82000587
80025889,82000590
80025889,82000603
80025889,82000604
80025889,82000642
80025889,82000648
80025889,82000670
80025889,82000671
80025889,82000676
80025889,82000683
80025889,82000696
80025889,82000705
80025889,82000717
80025889,82000722
80025889,82000729
80025889,82000730
80025889,82000734
80025889,82000736
80025889,82000743
80025889,82000764
80025889,82000765
80025889,82000783
80025889,82000785
80025889,82000853
80025889,82000854
80025889,82000856
80025889,82000857
80025889,82000865
80025889,82000935
80025889,82000947
80025889,82000980
80025889,82001000
80025889,82001058
80025889,82001161
80025889,82001173
80025889,82001184
80025889,82001185
80025889,82001186
80025889,82001187
80025889,82001188
80025889,82001204
80025889,82001205
80025889,82001234
80025889,82001265
80025889,82001266
80025889,82001270
80025889,82001276
80025889,82001284
80025889,82001286
80025889,82001287
80025889,82001303
80025889,82001304
80025889,82001313
80025889,82001332
80025889,82001333
80025889,82001339
80025889,82001406
80025889,82001446
80025889,82001451
80025889,82001473
80025889,82001479
80025889,82001504
80025889,82001548
80025889,82001578
80025889,82001579
80025889,82001681
80025889,82001736
80025889,82001748
80025889,82001767
80025889,82001768
80025889,82002255
80025889,82002335
80025889,82002487
80025889,82002488
80025889,82002515
80025889,82002570
80025889,82002602
80025889,82002603
80025889,82002639
80025889,82002687
80025889,82002804
80025889,82002825
80025889,82002926
80025889,82003388
80025889,82003405
80025889,82003509
80025889,82003564
80025889,82003813
80025889,82003959
80025889,82004265
80025889,82005457
80025889,82013729
80025889,82025143
80025889,82025234
80025889,82025256
80025889,82025283
80025889,82026066
80025889,82026097
82000162,80056032
82000162,80000191
82000162,80043562
82000162,80111107
82000163,80052824
82000163,80056032
82000163,80143647
82000163,80103990
80116007,82020799
80116007,82008646
80116007,82008720
80116007,82009922
80116007,82014117
82000168,80056032
82000168,80039002
82000168,80037709
82000168,80143647
82000168,80038456
82000168,80039570
82004263,80029561
82004263,80000191
82004263,80039002
82004263,80111107
82004263,80051388
82000167,80088213
82000167,80039002
82000167,80143647
82000167,80039570
82000167,80042906
82000170,80056032
82000170,80000191
82000170,80039570
82000170,80040445
82000170,80037220
82002219,80056032
82002219,80037709
82002219,80038456
82002219,80040445
82002219,80037030
82004265,80000191
82004265,80037220
82004265,80037709
82004265,80143647
82000169,80043562
82000169,80037709
82000169,80038456
82000169,80040445
82000172,80052824
82000172,80029561
82000172,80000191
82000172,80039570
82000176,80056032
82000176,80029561
82000176,80000191
82000176,80039002
82000176,80143647
82000176,80038456
82000176,80037030
82000176,80037220
82000173,80052824
82000173,80037709
82000173,80103990
82000173,80117234
82000175,80043562
82000175,80042906
82000175,80037030
82000175,80037220
82000178,80000191
82000178,80039002
82000178,80103990
82000178,80040445
82000180,80052824
82000180,80086304
82000180,80029561
82000180,80039002
82000180,80043562
82000180,80111107
82000180,80143647
82000180,80051388
82000180,80038456
82000180,80039570
82000180,80042906
82000180,80038458
82000180,80103990
82000180,80037030
82000180,80037220
82000181,80000191
82000181,80143647
82000181,80038456
82000181,80039570
82000181,80037220
82000182,80088213
82000182,80056032
82000182,80039002
82000182,80037220
82000188,80052824
82000188,80029561
82000188,80000191
82000188,80111107
82000188,80143647
82000188,80051388
82000189,80052824
82000189,80086304
82000189,80029561
82000189,80000191
82000189,80039002
82000189,80043562
82000189,80111107
82000189,80143647
82000189,80051388
82000189,80038456
82000189,80039570
82000189,80042906
82000189,80038458
82000189,80103990
82000189,80037030
82000189,80037220
82000190,80088213
82000190,80000191
82000190,80039002
82000190,80037220
82000191,80052824
82000191,80086304
82000191,80029561
82000191,80039002
82000191,80043562
82000191,80111107
82000191,80051388
82000191,80039570
82000191,80042906
82000191,80038458
82000191,80103990
82000191,80037030
82000191,80037220
82000194,80052824
82000194,80000191
82000194,80037709
82000194,80037030
82000195,80039002
82000195,80037709
82000195,80039570
82000195,80037220
82000196,80056032
82000196,80039002
82000196,80040445
82000196,80037030
82000198,80000191
82000198,80037709
82000198,80039570
82000198,80042906
82000201,80000191
82000201,80037709
82000201,80103990
82000203,80056032
82000203,80000191
82000203,80039002
82000203,80037709
82000205,80088213
82000205,80000191
82000205,80039002
82000205,80043562
82000205,80038456
82000205,80039570
82000205,80042906
82000205,80037030
82002253,80056032
82002253,80039002
82002253,80037709
82002253,80038456
82002253,80039570
82002255,80000191
82002255,80038456
82002255,80042906
82002255,80040445
82002255,80037030
82002255,80037220
82000207,80088213
82000207,80000191
82000207,80038456
82000207,80039570
82000207,80042906
82002254,80000191
82002254,80039002
82002254,80117234
82002254,80037030
82002254,80039928
82000206,80052824
82000206,80086304
82000206,80029561
82000206,80000191
82000209,80000191
82000209,80039002
82000209,80037709
82000209,80143647
82000212,80000191
82000212,80039002
82000212,80038456
82000212,80039570
82000212,80042906
82002261,80086304
82002261,80029561
82002261,80037709
82002261,80111107
82002261,80051388
82002261,80038458
82000215,80088213
82000215,80000191
82000215,80039002
82000215,80143647
82000215,80042906
82000215,80037220
82002264,80052824
82002264,80086304
82002264,80143647
82002264,80039570
82002264,80038458
82000216,80000191
82000216,80111107
82000216,80143647
82000216,80039570
82000216,80042906
82002265,80000191
82002265,80039002
82002265,80043562
82002265,80037709
82002265,80040445
82000219,80043562
82000219,80042906
82000219,80037030
82000223,80088213
82000223,80000191
82000223,80143647
82000223,80037220
82000224,80056032
82000224,80000191
82000224,80042906
82000224,80037220
82000229,80056032
82000229,80000191
82000229,80038456
82000229,80037030
82000232,80039002
82000232,80143647
82000232,80038456
82000232,80039570
82000233,80086304
82000233,80088213
82000233,80037709
82000233,80051388
82000233,80038458
82000236,80052824
82000236,80056032
82000236,80000191
82000236,80043562
82000236,80117234
82000236,80037030
82004333,80088213
82004333,80000191
82004333,80039002
82004333,80043562
82004333,80042906
82004333,80040445
82000243,80029561
82000243,80000191
82000243,80039570
82000243,80037030
82000246,80088213
82000246,80056032
82000246,80000191
82000246,80039002
82000246,80143647
82000246,80039570
82000246,80038458
82000247,80029561
82000247,80000191
82000247,80039002
82000247,80039570
82000247,80117234
82000247,80037030
82000247,80039928
82000248,80056032
82000248,80000191
82000248,80103990
82000248,80117234
82002298,80000392
82002298,80039002
82002298,80043562
82002298,80103990
82002298,80037220
82000250,80043562
82000250,80143647
82000250,80037030
82000251,80039002
82000251,80043562
82000251,80039570
82000251,80037030
82000253,80000191
82000253,80039002
82000253,80117234
82000253,80037030
82000253,80039928
82000255,80029561
82000255,80000191
82000255,80111107
82000255,80143647
82000255,80038458
82000256,80052824
82000256,80000191
82000256,80111107
82008449,80056032
82008449,80000191
82008449,80037709
82008449,80038456
82008449,80040445
82008449,80042906
82000258,80000191
82000258,80037709
82000258,80040445
82000258,80037030
82000261,80052824
82000261,80056032
82000261,80043562
82000261,80037030
82000266,80088213
82000266,80000191
82000266,80039002
82000266,80103990
82000266,80117234
82000266,80039928
82000267,80052824
82000267,80111107
82000267,80143647
82000271,80056032
82000271,80039002
82000271,80037030
82000271,80037220
82000272,80056032
82000272,80103990
82000272,80117234
82000273,80056032
82000273,80103990
82000273,80117234
82000274,80056032
82000274,80103990
82000274,80117234
82000276,80000191
82000276,80037709
82000276,80111107
82000276,80143647
82000277,80052824
82000277,80039570
82000277,80038458
82000277,80103990
82000278,80088213
82000278,80000191
82000278,80038456
82000278,80042906
82000278,80037030
82000280,80052824
82000280,80000191
82000280,80143647
82000280,80037030
82000280,80039928
82000281,80052824
82000281,80086304
82000281,80143647
82000281,80039570
82000281,80103990
82000281,80117234
82000284,80000191
82000284,80111107
82000284,80051388
82000284,80038458
82000284,80117234
82000284,80037030
82000285,80052824
82000285,80143647
82000285,80039570
82000285,80103990
82000285,80037030
82000286,80088213
82000286,80039002
82000286,80043562
82000286,80039570
82000286,80042906
82002335,80052824
82002335,80086304
82002335,80029561
82002335,80039002
82002335,80043562
82002335,80111107
82002335,80143647
82002335,80051388
82002335,80039570
82002335,80042906
82002335,80038458
82002335,80103990
82002335,80037030
82000288,80000191
82000288,80111107
82000288,80051388
82000288,80117234
82000289,80086304
82000289,80000191
82000289,80111107
82000289,80143647
82000289,80038458
82002342,80052824
82002342,80043562
82002342,80037709
82002342,80051388
82002342,80042906
82002342,80038458
82002343,80088213
82002343,80000191
82002343,80038456
82002343,80042906
82002343,80040445
82002343,80037220
82000295,80043562
82000295,80111107
82000295,80143647
82000295,80037220
82000296,80088213
82000296,80000191
82000296,80039570
82000299,80056032
82000299,80111107
82000299,80103990
82000299,80117234
82000301,80052824
82000301,80043562
82000301,80103990
82000301,80037030
82000301,80039928
82000303,80056032
82000303,80103990
82000303,80117234
82000304,80056032
82000304,80103990
82000304,80117234
82000306,80000191
82000306,80039002
82000306,80037709
82000306,80143647
82000306,80039570
82000307,80052824
82000307,80000191
82000307,80039570
82000307,80038458
82000307,80103990
82000307,80039928
82000309,80056032
82000309,80039002
82000309,80043562
82000309,80037220
82002360,80056032
82002360,80000191
82002360,80039002
82002360,80037709
82002360,80040445
82002360,80037030
82000312,80052824
82000312,80056032
82000312,80143647
82000312,80038458
82000317,80029561
82000317,80000191
82000317,80143647
82000317,80039570
82000317,80103990
82002365,80000191
82002365,80039002
82002365,80037709
82002365,80042906
82002365,80037220
82020799,80039002
82020799,80000191
82020799,80088213
82020799,80037220
82004416,80056032
82004416,80029561
82004416,80000191
82004416,80143647
82004416,80038458
82004416,80117234
82004416,80040445
82000318,80111107
82000318,80103990
82000318,80117234
82000319,80056032
82000319,80143647
82000319,80038456
82000319,80037220
82000322,80039002
82000322,80143647
82000322,80037220
82000324,80000191
82000324,80037709
82000324,80039570
82000324,80042906
82000324,80037030
82000325,80052824
82000325,80086304
82000325,80029561
82000325,80039002
82000325,80043562
82000325,80111107
82000325,80143647
82000325,80051388
82000325,80039570
82000325,80042906
82000325,80038458
82000325,80103990
82000325,80037030
82002373,80037709
82002373,80038456
82002373,80040445
82002373,80037030
82002373,80037220
82000327,80052824
82000327,80086304
82000327,80029561
82000327,80000191
82000327,80039002
82000327,80143647
82000327,80037030
82000327,80037220
82000328,80088213
82000328,80056032
82000328,80000191
82000328,80039002
82000328,80043562
82000328,80040445
82002374,80143647
82002374,80039570
82002374,80038458
82002374,80117234
82002374,80037030
82000329,80000191
82000329,80039570
82000329,80103990
82000329,80039928
82000334,80052824
82000334,80039002
82000334,80143647
82000334,80037030
82000335,80052824
82000335,80000191
82000335,80103990
82000335,80037030
82000335,80039928
82000336,80000191
82000336,80043562
82000336,80042906
82000336,80037220
82000339,80143647
82000339,80039570
82000339,80042906
82000339,80037030
82000342,80052824
82000342,80143647
82000342,80039570
82000342,80103990
82000342,80037030
82004438,80056032
82004438,80000191
82004438,80037220
82004438,80039002
82004438,80039570
82000343,80052824
82000343,80111107
82000343,80039570
82000343,80038458
82000345,80029561
82000345,80000191
82000345,80143647
82000345,80039570
82000345,80038458
82000345,80117234
82000345,80040445
82000345,80037030
82000346,80052824
82000346,80029561
82000346,80000191
82000346,80143647
82000346,80039570
82000349,80052824
82000349,80043562
82000349,80051388
82002399,80143647
82002399,80039570
82002399,80038458
82002399,80117234
82002399,80037030
82000352,80052824
82000352,80143647
82000352,80039570
82000352,80103990
82000352,80037030
82000353,80088213
82000353,80000191
82000353,80039002
82000353,80043562
82000353,80042906
82000354,80088213
82000354,80056032
82000354,80038456
82000354,80042906
82000355,80086304
82000355,80143647
82000355,80103990
82000355,80117234
82000355,80039928
82000356,80111107
82000356,80143647
82000356,80039570
82000356,80037030
82002419,80088213
82002419,80000191
82002419,80039002
82002419,80043562
82002419,80040445
82002425,80039002
82002425,80043562
82002425,80037709
82002425,80111107
82002425,80040445
82002425,80037030
82002425,80037220
82004476,80088213
82004476,80056032
82004476,80037220
82004476,80039570
82004476,80042906
80040445,82000423
80040445,82000426
80040445,82000445
80040445,82000460
80040445,82000465
80040445,82000477
80040445,82000483
80040445,82000491
80040445,82000504
80040445,82000513
80040445,82000534
80040445,82000586
80040445,82000615
80040445,82000676
80040445,82000685
80040445,82000705
80040445,82000747
80040445,82000785
80040445,82000810
80040445,82000812
80040445,82000856
80040445,82000911
80040445,82000921
80040445,82000947
80040445,82000961
80040445,82000966
80040445,82000968
80040445,82001041
80040445,82001070
80040445,82001071
80040445,82001072
80040445,82001075
80040445,82001083
80040445,82001128
80040445,82001168
80040445,82001170
80040445,82001200
80040445,82001234
80040445,82001339
80040445,82001368
80040445,82001384
80040445,82001431
80040445,82001461
80040445,82001496
80040445,82001569
80040445,82001606
80040445,82001631
80040445,82001633
80040445,82001685
80040445,82001791
80040445,82002432
80040445,82002513
80040445,82002515
80040445,82002570
80040445,82002581
80040445,82002586
80040445,82002605
80040445,82002926
80040445,82002961
80040445,82002984
80040445,82003006
80040445,82003011
80040445,82003061
80040445,82003388
80040445,82003414
80040445,82003420
80040445,82003642
80040445,82003808
80040445,82003959
80040445,82004682
80040445,82005163
80040445,82005342
80040445,82005505
80040445,82005593
80040445,82006717
82002432,80029561
82002432,80000191
82002432,80143647
82002432,80038458
82002432,80117234
82002432,80037030
82002457,80052824
82002457,80000191
82002457,80111107
82002457,80039570
82002457,80038458
82000422,80052824
82000422,80143647
82000422,80103990
82000422,80037030
82000423,80037709
82000423,80038456
82000423,80037030
82000423,80037220
82000424,80052824
82000424,80086304
82000424,80000191
82000424,80037709
82000424,80143647
82000424,80103990
82000424,80039928
82000425,80056032
82000425,80039002
82000425,80043562
82000425,80038456
82000426,80088213
82000426,80000191
82000426,80039002
82000426,80043562
82000429,80039002
82000429,80143647
82000429,80051388
82000429,80038456
82000430,80000191
82000430,80037709
82000430,80143647
82000430,80038456
82000430,80037220
82000432,80037709
82000432,80143647
82000432,80038456
82000432,80039570
82002481,80143647
82002481,80039570
82002481,80117234
82002481,80037030
82000434,80088213
82000434,80000191
82000434,80038456
82000434,80042906
82002482,80052824
82002482,80086304
82002482,80088213
82002482,80000191
82002482,80038458
82000433,80056032
82000433,80000191
82000433,80039570
82000433,80042906
82000435,80052824
82000435,80039570
82000435,80038458
82000435,80103990
80103990,82025143
80103990,82000467
80103990,82000488
80103990,82000494
80103990,82000502
80103990,82000510
80103990,82000527
80103990,82000529
80103990,82000537
80103990,82000543
80103990,82000558
80103990,82000560
80103990,82000569
80103990,82000571
80103990,82000573
80103990,82000576
80103990,82000577
80103990,82000578
80103990,82000624
80103990,82000635
80103990,82000672
80103990,82000691
80103990,82000717
80103990,82000720
80103990,82000742
80103990,82000743
80103990,82000758
80103990,82000772
80103990,82000799
80103990,82000801
80103990,82000821
80103990,82000847
80103990,82000863
80103990,82000876
80103990,82000891
80103990,82000902
80103990,82000909
80103990,82000928
80103990,82000936
80103990,82000939
80103990,82000979
80103990,82001022
80103990,82001033
80103990,82001039
80103990,82001058
80103990,82001098
80103990,82001132
80103990,82001146
80103990,82001150
80103990,82001151
80103990,82001178
80103990,82001179
80103990,82001180
80103990,82001181
80103990,82001184
80103990,82001185
80103990,82001186
80103990,82001187
80103990,82001188
80103990,82001192
80103990,82001202
80103990,82001203
80103990,82001227
80103990,82001230
80103990,82001231
80103990,82001232
80103990,82001267
80103990,82001271
80103990,82001284
80103990,82001302
80103990,82001313
80103990,82001351
80103990,82001363
80103990,82001611
80103990,82001655
80103990,82001730
80103990,82001732
80103990,82001776
80103990,82002629
80103990,82002639
80103990,82002804
80103990,82002825
80103990,82003405
80103990,82003678
80103990,82003733
80103990,82003814
80103990,82003829
80103990,82004795
80103990,82005252
80103990,82005381
80103990,82005382
80103990,82011232
82002487,80086304
82002487,80000191
82002487,80037709
82002487,80111107
80038456,82000438
80038456,82000439
80038456,82000440
80038456,82000445
80038456,82000460
80038456,82000465
80038456,82000477
80038456,82000478
80038456,82000491
80038456,82000513
80038456,82000528
80038456,82000534
80038456,82000539
80038456,82000549
80038456,82000553
80038456,82000562
80038456,82000563
80038456,82000570
80038456,82000588
80038456,82000615
80038456,82000649
80038456,82000650
80038456,82000651
80038456,82000667
80038456,82000683
80038456,82000689
80038456,82000699
80038456,82000705
80038456,82000724
80038456,82000747
80038456,82000810
80038456,82000812
80038456,82000837
80038456,82000850
80038456,82000856
80038456,82000857
80038456,82000891
80038456,82000907
80038456,82000912
80038456,82000940
80038456,82000961
80038456,82000968
80038456,82001000
80038456,82001026
80038456,82001121
80038456,82001127
80038456,82001136
80038456,82001137
80038456,82001149
80038456,82001161
80038456,82001168
80038456,82001170
80038456,82001184
80038456,82001200
80038456,82001214
80038456,82001234
80038456,82001305
80038456,82001391
80038456,82001406
80038456,82001441
80038456,82001451
80038456,82001473
80038456,82001479
80038456,82001538
80038456,82001539
80038456,82001722
80038456,82002563
80038456,82002578
80038456,82002591
80038456,82002605
80038456,82002614
80038456,82002644
80038456,82002649
80038456,82002984
80038456,82003011
80038456,82003061
80038456,82003093
80038456,82003388
80038456,82003414
80038456,82003509
80038456,82003557
80038456,82003564
80038456,82003579
80038456,82003647
80038456,82003771
80038456,82003808
80038456,82003916
80038456,82004682
80038456,82004937
80038456,82005457
80038456,82005505
80038456,82006717
80038456,82005062
82002488,80086304
82002488,80000191
82002488,80037709
82002488,80111107
80038458,82025143
80038458,82025234
80038458,82025256
80038458,82025283
80038458,82000444
80038458,82000451
80038458,82000459
80038458,82000462
80038458,82000486
80038458,82000493
80038458,82000495
80038458,82000522
80038458,82000527
80038458,82000531
80038458,82000532
80038458,82000555
80038458,82000567
80038458,82000572
80038458,82000588
80038458,82000595
80038458,82000665
80038458,82000696
80038458,82000712
80038458,82000729
80038458,82000764
80038458,82000799
80038458,82000813
80038458,82000845
80038458,82000935
80038458,82000975
80038458,82000980
80038458,82000989
80038458,82001054
80038458,82001055
80038458,82001058
80038458,82001114
80038458,82001176
80038458,82001184
80038458,82001222
80038458,82001225
80038458,82001262
80038458,82001295
80038458,82001418
80038458,82001504
80038458,82001631
80038458,82001655
80038458,82001670
80038458,82002559
80038458,82002605
80038458,82003004
80038458,82003034
80038458,82003103
80038458,82003405
80038458,82003778
80038458,82007204
80038458,82008646
82000438,80037709
82000438,80039570
82000438,80042906
82000439,80043562
82000439,80143647
82000439,80039570
82000445,80000191
82000445,80039002
82000445,80037709
82000445,80143647
82000445,80039570
82000445,80037220
82000440,80000191
82000440,80039002
82000440,80037709
82000444,80052824
82000444,80088213
82000444,80000191
82000449,80056032
82000449,80043562
82000449,80117234
82000449,80037030
82000449,80039928
82000451,80052824
82000451,80029561
82000451,80111107
82000451,80143647
82000451,80051388
82008646,80000191
82008646,80039709
82008646,80117234
82000455,80000191
82000455,80039570
82000455,80037030
82000455,80037220
82000458,80052824
82000458,80143647
82000458,80037220
82000459,80052824
82000459,80111107
82000459,80039570
82000460,80056032
82000460,80000191
82000460,80039002
82000460,80143647
82000460,80037030
82000460,80037220
82000461,80000191
82000461,80043562
82000461,80037709
82000461,80042906
82000461,80037220
82000462,80143647
82000462,80117234
82000462,80037030
82000465,80037709
82000465,80042906
82000465,80037220
82002513,80056032
82002513,80039002
82002513,80043562
82002513,80039570
82002515,80000191
82002515,80043562
82002515,80143647
82000467,80029561
82000467,80000191
82000467,80042906
82000469,80143647
82000469,80042906
82000469,80117234
82000469,80039928
80052824,82000488
80052824,82000493
80052824,82000494
80052824,82000502
80052824,82000510
80052824,82000511
80052824,82000512
80052824,82000515
80052824,82000522
80052824,82000527
80052824,82000531
80052824,82000532
80052824,82000543
80052824,82000561
80052824,82000564
80052824,82000567
80052824,82000572
80052824,82000584
80052824,82000593
80052824,82000595
80052824,82000632
80052824,82000635
80052824,82000665
80052824,82000668
80052824,82000672
80052824,82000674
80052824,82000712
80052824,82000721
80052824,82000730
80052824,82000736
80052824,82000764
80052824,82000770
80052824,82000772
80052824,82000775
80052824,82000779
80052824,82000787
80052824,82000797
80052824,82000799
80052824,82000840
80052824,82000841
80052824,82000843
80052824,82000863
80052824,82000865
80052824,82000868
80052824,82000869
80052824,82000871
80052824,82000902
80052824,82000909
80052824,82000928
80052824,82000933
80052824,82000962
80052824,82000975
80052824,82000977
80052824,82000979
80052824,82000980
80052824,82000988
80052824,82000989
80052824,82000998
80052824,82001010
80052824,82001020
80052824,82001026
80052824,82001030
80052824,82001055
80052824,82001058
80052824,82001065
80052824,82001066
80052824,82001114
80052824,82001120
80052824,82001132
80052824,82001176
80052824,82001178
80052824,82001179
80052824,82001180
80052824,82001181
80052824,82001184
80052824,82001210
80052824,82001217
80052824,82001222
80052824,82001230
80052824,82001231
80052824,82001232
80052824,82001270
80052824,82001271
80052824,82001277
80052824,82001286
80052824,82001287
80052824,82001292
80052824,82001293
80052824,82001295
80052824,82001313
80052824,82001351
80052824,82001363
80052824,82001399
80052824,82001400
80052824,82001405
80052824,82001443
80052824,82001445
80052824,82001553
80052824,82001554
80052824,82001579
80052824,82001619
80052824,82001636
80052824,82001655
80052824,82001692
80052824,82001693
80052824,82001703
80052824,82001730
80052824,82001759
80052824,82001776
80052824,82001798
80052824,82002556
80052824,82002559
80052824,82002602
80052824,82002654
80052824,82002804
80052824,82002825
80052824,82002914
80052824,82003034
80052824,82003383
80052824,82003405
80052824,82003528
80052824,82003647
80052824,82003678
80052824,82003733
80052824,82003814
80052824,82003829
80052824,82003921
80052824,82003922
80052824,82004795
80052824,82005381
80052824,82005382
80052824,82007204
80052824,82011232
80052824,82013729
80052824,82025179
80052824,82025234
80052824,82025256
80052824,82025283
80052824,82025293
80052824,82026066
80052824,82026097
80052824,82001482
80052824,82001483
80052824,82001225
80052824,82001039
80052824,82001188
80052824,82001330
80052824,82001262
80052824,82000574
82000474,80000191
82000474,80039002
82000474,80043562
82000474,80042906
82000477,80056032
82000477,80143647
82000477,80037030
82000478,80088213
82000478,80039002
82000478,80143647
82000478,80039570
82000480,80029561
82000480,80039002
82000480,80143647
82000481,80029561
82000481,80039002
82000481,80143647
82000482,80029561
82000482,80000191
82000482,80111107
82000482,80143647
82000482,80051388
82000483,80056032
82000483,80039002
82000483,80043562
82000483,80039570
82000486,80029561
82000486,80000191
82000486,80143647
82000486,80039570
82000486,80117234
82000486,80037030
82000488,80000191
82000488,80111107
82000488,80037030
82000488,80039928
82000491,80056032
82000491,80039002
82000491,80143647
82000491,80042906
82000491,80037030
82000492,80056032
82000492,80000191
82000492,80039002
82000492,80037709
82000492,80039570
82000493,80000191
82000493,80143647
82000494,80000191
82000494,80043562
82000494,80037030
82000494,80039928
82000495,80056032
82000495,80000191
82000495,80111107
82000498,80000191
82000498,80037709
82000498,80037220
82000499,80000191
82000499,80111107
82000499,80143647
82000499,80039570
82000499,80037030
82000502,80037030
82000502,80039928
82000504,80037709
82000504,80042906
82000504,80037030
82002556,80000191
82002556,80037709
82002556,80143647
82002556,80117234
82000510,80000191
82000510,80043562
82000510,80037030
82000510,80039928
82002559,80086304
82002559,80088213
82002559,80000191
82000511,80000191
82000511,80111107
82000511,80051388
82000513,80037709
82000513,80037030
82000513,80037220
82000512,80086304
82000512,80039570
82000512,80117234
82002563,80056032
82002563,80000191
82002563,80039002
82002563,80143647
82002563,80039570
82002563,80042906
82000515,80111107
82000515,80117234
82000515,80037030
82000521,80056032
82000521,80000191
82000521,80042906
82000521,80037220
82002570,80056032
82002570,80039002
82002570,80037030
82000522,80111107
82000522,80039570
82000527,80029561
82000527,80111107
82000527,80037030
82008720,80088213
82008720,80000191
82008720,80037220
82008720,80037709
82008720,80039709
82000528,80043562
82000528,80111107
82002578,80088213
82002578,80056032
82002578,80000191
82002578,80039002
82002578,80143647
82000529,80088213
82000529,80037709
82000529,80117234
82000531,80111107
82000531,80039570
82002581,80056032
82002581,80039002
82002581,80043562
82002581,80039570
82000532,80111107
82000532,80039570
82000533,80000191
82000533,80051388
82000533,80117234
82000533,80037030
82000536,80086304
82000536,80111107
82000536,80051388
82000537,80086304
82000537,80000191
82000537,80111107
82000537,80051388
82000538,80086304
82000538,80000191
82000538,80111107
82000538,80051388
82002586,80088213
82002586,80000191
82002586,80039002
82000534,80037709
82000534,80037030
82000539,80043562
82000539,80037709
82000539,80042906
82002591,80088213
82002591,80039002
82002591,80043562
82002591,80042906
82000543,80000191
82000543,80039570
82000549,80143647
82000549,80039570
82000553,80000191
82000553,80039002
82000553,80037709
82000553,80039570
82002602,80029561
82002602,80000191
82002602,80037030
82000555,80086304
82000555,80088213
82000555,80000191
82000555,80143647
82002603,80000191
82002603,80143647
82002603,80039570
82002603,80039928
82002605,80088213
82002605,80042906
82000558,80086304
82000558,80111107
82000558,80051388
82000559,80088213
82000559,80037709
82000559,80051388
82000559,80117234
82000559,80037030
82000559,80039928
82000560,80000191
82000560,80111107
82000560,80117234
82000561,80086304
82000561,80039002
82000561,80037709
82000561,80143647
82000561,80039570
82000562,80088213
82000562,80056032
82000562,80000191
82000562,80037709
82000562,80143647
82000562,80039570
82000562,80037030
82000563,80088213
82000563,80056032
82000563,80037030
82000564,80029561
82000564,80000191
82000564,80143647
82002614,80000191
82002614,80039002
82002614,80037709
82002614,80143647
82025143,80086304
82025143,80056032
82025143,80043562
82025143,80111107
82025143,80143647
82025143,80051388
82025143,80039570
82025143,80037030
82000567,80086304
82000567,80029561
82000567,80039002
82000567,80037709
82000567,80143647
82000567,80051388
82000567,80039570
82000567,80042906
82000569,80056032
82000569,80117234
82000570,80000191
82000570,80039002
82000570,80043562
82000570,80037709
82000571,80086304
82000571,80000191
82000571,80051388
82000572,80111107
82000572,80039570
82006717,80000191
82006717,80037709
82006717,80039002
82006717,80042906
82000574,80029561
82000574,80000191
82000574,80111107
82000574,80037030
82000575,80056032
82000575,80029561
82000575,80039002
82000575,80111107
82000575,80143647
82000575,80042906
82000576,80056032
82000576,80111107
82000576,80117234
82000577,80056032
82000577,80111107
82000577,80117234
82000578,80088213
82000578,80000191
82000578,80039002
82000578,80117234
82000578,80039928
82000573,80029561
82000573,80111107
82000573,80143647
82002629,80056032
82002629,80000191
82002629,80037709
82002629,80143647
82002630,80039002
82002630,80037709
82002630,80143647
82002630,80039570
82002630,80042906
82000584,80086304
82000584,80000191
82000584,80039002
82000584,80043562
82004682,80000191
82004682,80037709
82004682,80039002
82004682,80143647
82004682,80042906
82000586,80000191
82000586,80043562
82000586,80111107
82000586,80143647
82000586,80037220
82000588,80029561
82000588,80143647
82000588,80037030
82000587,80039002
82000587,80037709
82000587,80039570
82000590,80000191
82000590,80143647
82000590,80037220
82002639,80000191
82002639,80042906
82002639,80037220
82000593,80056032
82000593,80029561
82000593,80000191
82000593,80039570
82000594,80039002
82000594,80037709
82000594,80143647
82000594,80037030
82000594,80037220
80011987,82011232
82000595,80086304
82000595,80088213
82000595,80000191
82000597,80056032
82000597,80039002
82000597,80042906
82000597,80037030
82000597,80037220
82002644,80088213
82002644,80000191
82002644,80037709
82002644,80039570
82002649,80088213
82002649,80000191
82002649,80039570
82002649,80042906
82025179,80111107
82025179,80143647
82025179,80051388
82025179,80029561
82025179,80042906
82000603,80000191
82000603,80043562
82000603,80051388
82000604,80000191
82000604,80043562
82000604,80051388
82002654,80000392
82002654,80111107
82002654,80143647
82002654,80117234
82002654,80039928
82000607,80029561
82000607,80000191
82000607,80111107
82000607,80051388
82002657,80000191
82002657,80111107
82002657,80143647
82002657,80117234
82002657,80039928
82002659,80000191
82002659,80111107
82002659,80143647
82002659,80117234
82002659,80039928
82002660,80000191
82002660,80111107
82002660,80143647
82002660,80117234
82002660,80039928
82000615,80037709
82000615,80037030
82000624,80056032
82000624,80111107
82000624,80117234
82000626,80039002
82000626,80037709
82000626,80039570
82000626,80042906
82000631,80086304
82000631,80000191
82000631,80111107
82000631,80051388
82000631,80039928
82000632,80086304
82000632,80000191
82000632,80051388
82000632,80117234
82000632,80039928
82000635,80000191
82000635,80043562
82000635,80037030
82000635,80039928
82002687,80000191
82002687,80039002
82002687,80037709
82002687,80037220
82000642,80039002
82000642,80143647
82000642,80042906
82000648,80039002
82000648,80039570
82000648,80037030
82000649,80111107
82000649,80143647
82000649,80039570
82000650,80111107
82000650,80143647
82000650,80039570
82000651,80111107
82000651,80143647
82000651,80039570
82025234,80043562
82025234,80051388
82000659,80000191
82000659,80143647
82000659,80117234
82000659,80037030
82000659,80039928
82000663,80000191
82000663,80037709
82000663,80143647
82000663,80039570
82000665,80086304
82000665,80088213
82000665,80000191
82000667,80000191
82000667,80039002
82000667,80043562
82000667,80111107
82000667,80042906
82000667,80037030
82000667,80037220
82000668,80056032
82000668,80000191
82000668,80111107
82000668,80042906
82000670,80000191
82000670,80143647
82000670,80039570
82000670,80042906
82000670,80037220
82000671,80088213
82000671,80000191
82000671,80042906
82000671,80037220
82000672,80000191
82000672,80143647
82000672,80037030
82000674,80056032
82000674,80111107
82000674,80042906
82000676,80000191
82000676,80039002
82000676,80043562
82000676,80037709
82000676,80042906
82000676,80037030
82000679,80086304
82000679,80056032
82000679,80037709
82025256,80043562
82025256,80051388
82000683,80088213
82000683,80056032
82000683,80037030
82000685,80088213
82000685,80000191
82000685,80039002
82000685,80043562
82000685,80037709
82000685,80037030
82000687,80088213
82000687,80043562
82000687,80042906
82000687,80037220
82000688,80088213
82000688,80043562
82000688,80042906
82000688,80037220
82000689,80056032
82000689,80000191
82000689,80039570
82000689,80037220
82000691,80056032
82000691,80117234
82000693,80088213
82000693,80000191
82000693,80043562
82000693,80042906
82000693,80037220
82000696,80086304
82000696,80111107
82000696,80051388
82000697,80086304
82000697,80000191
82000697,80051388
82000697,80039928
82004795,80000191
82004795,80037709
82004795,80042906
82000699,80088213
82000699,80039002
82000699,80043562
82000699,80042906
82000705,80000191
82000705,80043562
82000705,80039570
82000705,80042906
82025283,80043562
82025283,80051388
82000710,80039002
82000710,80111107
82000710,80051388
82000710,80042906
82000710,80037030
82000712,80111107
82000712,80039570
82000715,80029561
82000715,80000191
82000715,80143647
82000715,80039570
82000715,80037220
82000716,80088213
82000716,80000191
82000716,80039570
82000716,80042906
82000717,80043562
82000717,80143647
82000717,80039570
82000719,80000191
82000719,80039002
82000719,80043562
82000719,80111107
82000719,80042906
82000719,80037030
82025293,80043562
82025293,80143647
82025293,80042906
82000721,80056032
82000721,80029561
82000721,80000191
82000721,80051388
82000720,80086304
82000720,80000191
82000720,80051388
82000722,80039002
82000722,80043562
82000722,80042906
82000724,80029561
82000724,80000191
82000724,80051388
82000724,80039570
82000725,80088213
82000725,80000191
82000725,80043562
82000725,80042906
82000725,80037220
82000726,80088213
82000726,80000191
82000726,80043562
82000726,80042906
82000726,80037220
82000727,80088213
82000727,80039002
82000727,80037220
82000729,80086304
82000729,80111107
82000730,80111107
82000730,80143647
82000730,80039570
82000731,80056032
82000731,80039002
82000731,80042906
82000731,80037030
82000733,80086304
82000733,80039002
82000733,80043562
82000733,80037709
82000733,80051388
82000734,80000191
82000734,80143647
82000734,80039570
82000736,80088213
82000736,80000191
82000736,80111107
82000737,80037709
82000737,80143647
82000737,80039570
82000737,80042906
82000738,80000191
82000738,80111107
82000738,80051388
82000738,80039570
82000742,80086304
82000742,80000191
82000742,80051388
82000743,80000191
82000743,80043562
82000743,80111107
82000743,80143647
82000743,80051388
82000747,80037709
82000747,80039570
82002804,80037030
82002804,80039928
82000758,80086304
82000758,80000191
82000758,80039002
82000758,80039928
82000761,80088213
82000761,80039002
82000761,80043562
82000761,80042906
82000764,80043562
82000764,80143647
82000764,80042906
82000765,80029561
82000765,80000191
82000765,80037709
82000765,80143647
82000765,80051388
82000768,80088213
82000768,80056032
82000768,80029561
82000768,80143647
82000768,80051388
82000768,80037030
82000770,80000191
82000770,80143647
82000770,80039928
82000771,80088213
82000771,80143647
82000771,80039570
82000771,80042906
82000772,80000191
82000772,80039928
82000775,80051388
82000775,80039570
82000775,80117234
82002825,80000191
82002825,80039928
82000779,80037709
82000779,80111107
82000779,80143647
82000779,80117234
82000783,80000191
82000783,80039002
82000783,80043562
82000783,80042906
82000785,80056032
82000785,80000191
82000785,80039002
82000785,80143647
82000785,80042906
82000785,80037030
82000787,80043562
82000787,80111107
82000787,80117234
82000787,80037030
80042906,82025891
80042906,82026066
80042906,82000819
80042906,82000857
80042906,82000869
80042906,82000884
80042906,82000891
80042906,82000893
80042906,82000894
80042906,82000912
80042906,82000921
80042906,82000936
80042906,82000940
80042906,82000947
80042906,82000966
80042906,82001000
80042906,82001041
80042906,82001058
80042906,82001065
80042906,82001066
80042906,82001127
80042906,82001136
80042906,82001137
80042906,82001150
80042906,82001152
80042906,82001161
80042906,82001162
80042906,82001168
80042906,82001173
80042906,82001184
80042906,82001270
80042906,82001273
80042906,82001284
80042906,82001298
80042906,82001330
80042906,82001351
80042906,82001352
80042906,82001368
80042906,82001391
80042906,82001441
80042906,82001461
80042906,82001473
80042906,82001479
80042906,82001482
80042906,82001483
80042906,82001496
80042906,82001503
80042906,82001579
80042906,82001606
80042906,82001611
80042906,82001619
80042906,82001620
80042906,82001722
80042906,82001732
80042906,82001736
80042906,82001748
80042906,82001764
80042906,82001767
80042906,82001777
80042906,82001780
80042906,82002926
80042906,82002984
80042906,82003061
80042906,82003135
80042906,82003165
80042906,82003420
80042906,82003509
80042906,82003579
80042906,82003813
80042906,82003916
80042906,82005062
80042906,82005163
80042906,82005342
80042906,82005457
80042906,82005593
82000795,80086304
82000795,80000191
82000795,80111107
82000795,80039570
82000797,80043562
82000797,80117234
82000797,80037030
82000799,80000191
82000799,80039570
82000800,80086304
82000800,80111107
82000800,80051388
82000801,80086304
82000801,80111107
82000801,80051388
82000810,80088213
82000810,80056032
82000810,80143647
82000810,80037030
82000812,80088213
82000812,80056032
82000812,80039002
82000812,80143647
82000812,80039570
82000813,80086304
82000813,80000191
82000813,80043562
82000813,80111107
82000813,80051388
82000813,80039928
82000814,80086304
82000814,80029561
82000814,80000191
82000814,80051388
82000814,80039928
82000819,80000191
82000819,80143647
82000819,80117234
82000821,80056032
82000821,80111107
82000835,80088213
82000835,80000191
82000835,80039002
82000835,80143647
82000835,80039570
82000837,80056032
82000837,80000191
82000837,80039002
82000837,80039570
82000840,80000191
82000840,80111107
82000840,80143647
82000841,80000191
82000841,80143647
82000841,80037030
82000841,80039928
82004937,80056032
82004937,80000191
82004937,80037709
82004937,80039570
82000843,80086304
82000843,80000191
82000843,80111107
82000843,80051388
82000843,80039928
82000844,80086304
82000844,80000191
82000844,80051388
82000844,80039928
82000845,80056032
82000845,80000191
82000845,80043562
82000846,80086304
82000846,80000191
82000846,80051388
82000846,80039928
82000847,80086304
82000847,80000191
82000847,80039002
82000847,80111107
82000847,80051388
82000847,80117234
82000847,80039928
82000850,80037709
82000850,80143647
82000850,80039570
82000851,80029561
82000851,80111107
82000851,80143647
82000851,80039570
82000852,80086304
82000852,80111107
82000852,80051388
82000853,80000191
82000853,80043562
82000853,80051388
82000854,80000191
82000854,80043562
82000854,80051388
82000856,80000191
82000856,80039002
82000856,80043562
82000856,80037709
82000857,80000191
82000857,80039570
82000861,80000191
82000861,80111107
82000861,80143647
82000861,80037220
82000863,80056032
82000863,80111107
82000863,80117234
82000865,80029561
82000865,80000191
82000865,80111107
82000865,80143647
82000865,80051388
82000865,80039928
82002914,80000191
82002914,80043562
82002914,80037709
82002914,80111107
82000868,80029561
82000868,80000191
82000868,80037030
82000869,80029561
82000869,80000191
82000869,80111107
82000869,80143647
82000869,80051388
82000869,80039928
82000870,80088213
82000870,80000191
82000870,80039002
82000870,80043562
82000870,80037709
82000871,80111107
82000871,80051388
82000871,80117234
82000876,80029561
82000876,80111107
82000876,80051388
82002926,80039002
82002926,80043562
82002926,80037709
82002926,80037030
82000884,80088213
82000884,80056032
82000884,80039002
82000884,80043562
82000884,80051388
82000891,80086304
82000891,80000191
82000891,80051388
82000891,80039570
82000891,80117234
82000891,80039928
82000893,80000191
82000893,80039002
82000893,80143647
82000894,80000191
82000894,80039002
82000894,80037030
82000902,80000191
82000902,80111107
82000902,80037030
82000902,80039928
82000907,80000191
82000907,80043562
82000909,80143647
82000909,80039570
82000909,80037030
82000911,80039002
82000911,80043562
82000911,80037709
82000911,80037220
82000912,80056032
82000912,80039002
82002961,80056032
82002961,80039002
82002961,80043562
82002961,80039570
82000920,80029561
82000920,80000191
82000920,80111107
82000920,80051388
82000921,80056032
82000921,80000191
82000921,80037030
82000928,80051388
82000928,80117234
82000933,80000191
82000933,80043562
82000933,80039928
82000935,80086304
82000935,80111107
82002984,80000191
82002984,80039002
82002984,80037709
82002984,80143647
82000936,80029561
82000936,80000191
82000936,80143647
82000936,80051388
82000939,80086304
82000939,80000191
82000939,80117234
82000940,80056032
82000940,80037709
82000940,80143647
82000940,80039570
82000946,80086304
82000946,80029561
82000946,80000191
82000946,80111107
82000946,80051388
82000947,80039002
82000947,80043562
82000947,80037030
82000949,80086304
82000949,80000191
82000949,80051388
82000949,80039928
82000950,80086304
82000950,80000191
82000950,80051388
82000950,80039928
82000951,80086304
82000951,80000191
82000951,80051388
82000951,80039928
82000952,80086304
82000952,80000191
82000952,80051388
82000952,80039928
82000953,80086304
82000953,80000191
82000953,80051388
82000953,80039928
82000955,80086304
82000955,80000191
82000955,80111107
82000955,80051388
82000955,80039928
82003004,80143647
82003004,80039570
82003004,80117234
82003004,80037030
82000956,80086304
82000956,80000191
82000956,80051388
82000956,80039928
82000958,80086304
82000958,80000191
82000958,80111107
82000958,80051388
82000958,80039928
82003006,80039002
82003006,80037709
82003006,80037030
82003006,80037220
82000957,80086304
82000957,80000191
82000957,80051388
82000957,80039928
82000961,80056032
82000961,80037030
82000961,80037220
82000962,80000191
82000962,80111107
82000962,80051388
82003011,80056032
82003011,80000191
82003011,80039002
82003011,80043562
82003011,80143647
82000963,80029561
82000963,80000191
82000963,80111107
82000963,80051388
82000966,80000191
82000966,80039002
82000966,80043562
82005062,80037709
82005062,80143647
82005062,80039570
82000968,80056032
82000968,80037030
82000968,80037220
82000970,80000191
82000970,80039002
82000970,80037709
82000970,80039570
82000970,80037220
82000975,80111107
82000975,80039570
82000977,80029561
82000977,80111107
82000977,80143647
82000979,80037709
82000979,80111107
82000979,80143647
82000980,80043562
82000980,80051388
80039002,82025891
80039002,82026097
80039002,82001022
80039002,82001064
80039002,82001070
80039002,82001071
80039002,82001072
80039002,82001075
80039002,82001083
80039002,82001121
80039002,82001128
80039002,82001148
80039002,82001149
80039002,82001168
80039002,82001170
80039002,82001184
80039002,82001192
80039002,82001210
80039002,82001265
80039002,82001266
80039002,82001273
80039002,82001298
80039002,82001305
80039002,82001307
80039002,82001339
80039002,82001352
80039002,82001384
80039002,82001406
80039002,82001431
80039002,82001446
80039002,82001451
80039002,82001461
80039002,82001496
80039002,82001538
80039002,82001539
80039002,82001569
80039002,82001606
80039002,82001620
80039002,82001633
80039002,82001670
80039002,82001681
80039002,82001687
80039002,82001748
80039002,82001753
80039002,82001759
80039002,82001764
80039002,82001767
80039002,82001768
80039002,82001770
80039002,82001777
80039002,82001791
80039002,82001798
80039002,82003061
80039002,82003093
80039002,82003165
80039002,82003388
80039002,82003392
80039002,82003405
80039002,82003579
80039002,82003725
80039002,82003916
80039002,82003959
80039002,82005342
80039002,82005593
80039002,82011232
80039002,82013729
80039002,82005505
82003034,80086304
82003034,80088213
82003034,80000191
82000988,80086304
82000988,80111107
82000988,80117234
82000988,80037030
82000988,80039928
82000989,80111107
82000989,80039570
82011232,80039928
82011232,80051388
82000998,80043562
82000998,80111107
82000998,80117234
82000998,80037030
82001000,80000191
82001000,80043562
82001000,80039570
82001000,80037030
82001010,80000191
82001010,80143647
82001010,80039570
82003061,80043562
82003061,80037709
82003061,80039570
82001013,80111107
82001013,80143647
82001013,80117234
82003068,80088213
82003068,80000191
82003068,80037709
82003068,80111107
82003068,80051388
82001020,80000191
82001020,80043562
82001020,80039928
82001022,80000191
82001022,80111107
82001026,80029561
82001026,80000191
82001026,80143647
82001026,80039570
82001030,80088213
82001030,80000191
82001030,80043562
82001030,80039928
82001032,80037709
82001032,80111107
82001032,80051388
82001032,80117234
82001033,80086304
82001033,80000191
82001033,80051388
82001039,80029561
82001039,80000191
82001039,80111107
82001039,80051388
82001041,80056032
82001041,80000191
82001041,80039570
82001042,80086304
82001042,80000191
82001042,80117234
82001042,80037030
82001042,80039928
80088213,82001121
80088213,82001127
80088213,82001128
80088213,82001136
80088213,82001148
80088213,82001149
80088213,82001202
80088213,82001214
80088213,82001236
80088213,82001256
80088213,82001261
80088213,82001263
80088213,82001330
80088213,82001368
80088213,82001384
80088213,82001391
80088213,82001418
80088213,82001538
80088213,82001569
80088213,82001633
80088213,82001670
80088213,82001703
80088213,82001711
80088213,82001716
80088213,82001717
80088213,82001722
80088213,82003093
80088213,82003177
80088213,82003402
80088213,82003403
80088213,82003407
80088213,82003408
80088213,82003509
80088213,82003515
80088213,82003516
80088213,82003579
80088213,82003642
80088213,82003771
80088213,82005163
80088213,82005342
80088213,82005457
80088213,82005593
80088213,82014117
80088213,82025891
82003093,80056032
82003093,80000191
82003093,80143647
82001053,80056032
82001053,80143647
82001053,80039570
82001053,80117234
82001053,80037030
82001054,80056032
82001054,80029561
82001054,80000191
82001054,80143647
82001054,80039570
82001054,80117234
82001054,80037030
82003103,80000191
82003103,80143647
82003103,80039570
82003103,80117234
82003103,80037030
82001055,80111107
82001055,80039570
82001058,80043562
82001058,80051388
82001058,80117234
82007204,80000191
82007204,80039570
82007204,80111107
80037030,82001064
80037030,82001075
80037030,82001083
80037030,82001128
80037030,82001152
80037030,82001174
80037030,82001184
80037030,82001200
80037030,82001214
80037030,82001217
80037030,82001236
80037030,82001277
80037030,82001285
80037030,82001286
80037030,82001287
80037030,82001293
80037030,82001303
80037030,82001304
80037030,82001330
80037030,82001339
80037030,82001400
80037030,82001406
80037030,82001446
80037030,82001538
80037030,82001539
80037030,82001606
80037030,82001631
80037030,82001636
80037030,82001687
80037030,82001711
80037030,82001717
80037030,82001722
80037030,82001764
80037030,82001770
80037030,82003135
80037030,82003392
80037030,82003642
80037030,82003725
80037030,82003778
80037030,82003814
80037030,82013729
82001064,80000191
82001064,80117234
82001064,80039928
82001065,80086304
82001065,80000191
82001065,80143647
82001066,80086304
82001066,80143647
82005163,80056032
82005163,80000191
82001070,80000191
82001070,80043562
82001070,80037709
82001070,80037220
82001071,80000191
82001071,80043562
82001071,80037220
82001072,80000191
82001072,80043562
82001072,80037709
82001072,80037220
82001075,80000191
82001075,80043562
82001075,80037709
82001075,80111107
82001075,80037220
236724,50622
236724,75595
236724,54662
82001079,80029561
82001079,80000191
82001079,80111107
82001079,80039570
82001083,80037709
80051388,82001129
80051388,82001151
80051388,82001180
80051388,82001181
80051388,82001184
80051388,82001185
80051388,82001186
80051388,82001187
80051388,82001188
80051388,82001202
80051388,82001204
80051388,82001205
80051388,82001225
80051388,82001227
80051388,82001229
80051388,82001236
80051388,82001262
80051388,82001267
80051388,82001277
80051388,82001284
80051388,82001294
80051388,82001295
80051388,82001303
80051388,82001304
80051388,82001307
80051388,82001332
80051388,82001333
80051388,82001405
80051388,82001445
80051388,82001548
80051388,82001569
80051388,82001636
80051388,82001693
80051388,82001711
80051388,82001716
80051388,82001717
80051388,82003177
80051388,82003402
80051388,82003403
80051388,82003405
80051388,82003407
80051388,82003408
80051388,82003515
80051388,82003516
80051388,82003528
80000191,82001120
80000191,82001121
80000191,82001127
80000191,82001146
80000191,82001149
80000191,82001150
80000191,82001161
80000191,82001162
80000191,82001170
80000191,82001174
80000191,82001187
80000191,82001188
80000191,82001192
80000191,82001203
80000191,82001214
80000191,82001217
80000191,82001234
80000191,82001261
80000191,82001263
80000191,82001271
80000191,82001273
80000191,82001277
80000191,82001284
80000191,82001285
80000191,82001294
80000191,82001302
80000191,82001303
80000191,82001304
80000191,82001305
80000191,82001307
80000191,82001313
80000191,82001330
80000191,82001332
80000191,82001339
80000191,82001351
80000191,82001352
80000191,82001363
80000191,82001368
80000191,82001391
80000191,82001400
80000191,82001405
80000191,82001406
80000191,82001418
80000191,82001431
80000191,82001441
80000191,82001443
80000191,82001445
80000191,82001461
80000191,82001473
80000191,82001479
80000191,82001496
80000191,82001500
80000191,82001503
80000191,82001538
80000191,82001539
80000191,82001579
80000191,82001619
80000191,82001620
80000191,82001631
80000191,82001633
80000191,82001655
80000191,82001670
80000191,82001685
80000191,82001687
80000191,82001692
80000191,82001693
80000191,82001703
80000191,82001732
80000191,82001753
80000191,82001759
80000191,82001764
80000191,82001767
80000191,82001768
80000191,82001770
80000191,82001776
80000191,82001780
80000191,82001791
80000191,82003135
80000191,82003165
80000191,82003177
80000191,82003383
80000191,82003392
80000191,82003402
80000191,82003403
80000191,82003407
80000191,82003408
80000191,82003414
80000191,82003420
80000191,82003509
80000191,82003515
80000191,82003516
80000191,82003528
80000191,82003557
80000191,82003564
80000191,82003642
80000191,82003647
80000191,82003725
80000191,82003733
80000191,82003771
80000191,82003778
80000191,82003813
80000191,82003814
80000191,82003829
80000191,82003921
80000191,82003922
80000191,82005252
80000191,82005372
80000191,82005381
80000191,82005382
80000191,82005457
80000191,82005505
80000191,82005593
80000191,82009922
80000191,82014117
80000191,82001185
80000191,82001205
80000191,82001227
80000191,82001333
80000191,82001183
80000191,82001186
80000191,82001204
80000191,82001229
80000191,82001482
80000191,82001606
80000191,82001483
80000191,82001798
82003135,80039570
82003135,80117234
82001098,80111107
82001098,80117234
82001114,80111107
82001114,80039570
82003165,80043562
82003165,80037709
82001120,80086304
82001120,80039928
82001127,80039570
82001128,80037709
82003177,80037709
82003177,80111107
82001129,80086304
82001129,80037709
82001132,80056032
82001132,80117234
82001136,80056032
82001136,80037709
82001136,80143647
82001136,80039570
82001137,80056032
82001137,80037709
82001137,80143647
82001137,80039570
82001146,80056032
82001146,80111107
82001148,80043562
82001148,80037709
82001148,80143647
82001148,80039570
82001149,80056032
82001149,80043562
82001149,80037220
82001150,80056032
82001150,80037709
82001150,80143647
82001150,80037220
82001151,80086304
82001151,80111107
82001151,80143647
82001152,80056032
82005252,80037709
82005252,80043562
82005252,80117234
82001161,80043562
82001161,80037220
82001162,80043562
82001162,80037220
82001168,80043562
82001168,80037709
82001168,80037220
82001170,80043562
82001173,80039570
82001173,80037220
82001174,80143647
82001174,80117234
82001174,80039928
82001176,80111107
82001176,80039570
82001178,80111107
82001178,80117234
82001178,80039928
82001179,80111107
82001179,80117234
82001179,80039928
82001180,80111107
82001180,80117234
82001180,80039928
82001181,80111107
82001181,80117234
82001181,80039928
80143647,82025891
80143647,82001183
80143647,82001184
80143647,82001210
80143647,82001214
80143647,82001236
80143647,82001256
80143647,82001276
80143647,82001286
80143647,82001287
80143647,82001303
80143647,82001304
80143647,82001332
80143647,82001333
80143647,82001352
80143647,82001384
80143647,82001391
80143647,82001406
80143647,82001441
80143647,82001451
80143647,82001500
80143647,82001504
80143647,82001538
80143647,82001539
80143647,82001620
80143647,82001631
80143647,82001692
80143647,82001711
80143647,82001716
80143647,82001717
80143647,82001753
80143647,82001768
80143647,82003414
80143647,82003564
80143647,82003579
80143647,82003678
80143647,82003778
80143647,82003808
80143647,82003916
80143647,82003921
80143647,82003922
80143647,82005342
80143647,82009922
80086304,82001183
80086304,82001184
80086304,82001185
80086304,82001186
80086304,82001203
80086304,82001204
80086304,82001205
80086304,82001227
80086304,82001229
80086304,82001267
80086304,82001270
80086304,82001276
80086304,82001292
80086304,82001293
80086304,82001294
80086304,82001399
80086304,82001400
80086304,82001418
80086304,82001443
80086304,82001482
80086304,82001483
80086304,82001504
80086304,82001553
80086304,82001554
80086304,82001579
80086304,82001611
80086304,82001619
80086304,82001670
80086304,82001693
80086304,82001753
80086304,82001798
80086304,82003405
80086304,82026066
80086304,82026097
82001184,80029561
82001184,80043562
82001184,80111107
82001184,80039570
82001184,80037220
82001185,80111107
82001186,80111107
82001188,80029561
82001183,80039570
82001183,80037220
82001192,80043562
82001192,80037220
82001200,80037709
82001200,80037220
82001202,80111107
82001203,80039928
82001204,80111107
82001205,80111107
82001210,80029561
82001210,80039928
82001217,80039928
82001222,80111107
82001222,80039570
82001225,80111107
82001227,80111107
82001229,80111107
82001230,80056032
82001230,80117234
82001231,80056032
82001231,80117234
82001232,80056032
82001232,80117234
82001234,80043562
82001236,80056032
82001236,80029561
82005342,80037709
80037220,82001286
80037220,82001287
80037220,82001330
80037220,82001391
80037220,82001431
80037220,82001473
80037220,82001500
80037220,82001503
80037220,82001569
80037220,82001578
80037220,82001611
80037220,82001681
80037220,82001685
80037220,82001732
80037220,82001736
80037220,82001767
80037220,82001777
80037220,82001780
80037220,82003509
80037220,82003557
80037220,82003771
80037220,82003808
80037220,82003813
80037220,82005372
80037220,82005457
80037220,82014117
80037220,82003564
80037220,82003959
82001256,80037709
82001256,80039570
82001261,80037709
82001261,80039570
82001262,80111107
82001263,80037709
82001263,80039570
82001265,80043562
82001265,80037709
82001266,80043562
82001266,80037709
82001267,80111107
82001270,80029561
82001271,80117234
82001273,80056032
82001273,80043562
82001277,80111107
82005372,80056032
82005372,80037709
82005372,80039570
82001284,80029561
82005381,80117234
82001287,80037709
82005382,80117234
82001285,80029561
82001285,80111107
82001292,80029561
82001292,80111107
82001292,80117234
82001292,80039928
82001293,80111107
82001293,80117234
82001293,80039928
82001294,80039928
82001295,80043562
82001298,80056032
82001298,80043562
82001302,80117234
82001303,80029561
82001304,80029561
82001305,80056032
82001307,80029561
82001307,80111107
82001313,80043562
82001313,80039928
82001330,80029561
82001332,80029561
82001333,80029561
82001333,80037709
82003383,80043562
82003383,80037709
82003383,80111107
82001339,80039570
82003388,80037709
82003392,80117234
82003392,80039928
82001351,80037709
82001352,80056032
82003402,80037709
82003402,80111107
82003403,80037709
82003403,80111107
82003405,80111107
82003407,80037709
82003407,80111107
82003408,80037709
82003408,80111107
82005457,80039570
82001363,80117234
82003414,80037709
82003414,80039570
82001368,80039570
82003420,80056032
82003420,80043562
82003420,80039570
82001384,80043562
82001384,80039570
82001391,80039570
80117234,82001399
80117234,82001400
80117234,82001405
80117234,82001578
80117234,82001631
80117234,82001687
80117234,82001703
80117234,82001730
80117234,82001776
80117234,82003528
80117234,82003647
80117234,82003678
80117234,82003725
80117234,82003733
80117234,82003778
80117234,82003829
80117234,82003921
80117234,82003922
82001399,80111107
82001399,80039928
82001400,80111107
82001400,80039928
82001405,80111107
82005505,80037709
80111107,82001418
80111107,82001500
80111107,82001548
80111107,82001692
80111107,82001753
80111107,82001776
80111107,82003515
80111107,82003516
80111107,82003528
80111107,82003921
80111107,82003922
82001418,80029561
82001431,80043562
82001431,80037709
82001441,80043562
82001441,80037709
82013729,80043562
82001443,80029561
82001443,80039928
82001445,80029561
82001445,80039928
82001446,80056032
82001446,80043562
80043562,82001461
80043562,82001479
80043562,82001496
80043562,82001578
80043562,82001633
80043562,82001681
80043562,82001736
80043562,82001748
80043562,82001759
80043562,82001768
80043562,82001777
80043562,82001780
80043562,82003557
80043562,82003647
80043562,82003771
82001451,80037709
82001461,80037709
82003515,80037709
82003516,80037709
82001473,80039570
82001479,80056032
82001479,80037709
82001482,80029561
82001483,80029561
82026066,80029561
82001496,80037709
82005593,80037709
82001500,80039570
82001503,80056032
82001503,80039570
82003557,80056032
82026097,80029561
82001538,80056032
82001538,80037709
82001539,80056032
82001539,80037709
82001548,80029561
82001548,80037709
82001553,80029561
82001553,80039928
80039570,82001569
80039570,82001631
80039570,82001655
80039570,82001685
80039570,82001736
80039570,82003778
80039570,82003959
80039570,82009922
82001554,80029561
82001554,80039928
82001569,80056032
82001569,80029561
82003642,80056032
82001619,80029561
82001620,80029561
82003678,80037709
82001631,80056032
82001631,80029561
80056032,82001681
80056032,82001685
80056032,82001711
80056032,82001716
80056032,82001717
80056032,82001730
80056032,82001764
80056032,82001770
80056032,82001780
80056032,82001791
80056032,82003808
80056032,82003813
80056032,82003814
82001636,80029561
82001636,80037709
82001655,80039928
82001670,80029561
82001670,80037709
82003725,80039928
82001687,80039928
82001692,80029561
80039709,82009922
80039709,82014117
82001693,80029561
82001703,80039928
82001711,80029561
82001716,80029561
82001717,80029561
82001722,80037709
82003778,80029561
82009922,80037709
82001736,80037709
80037709,82001748
80037709,82001764
80037709,82001768
80037709,82001770
80037709,82001777
80037709,82001780
80037709,82001791
80037709,82003813
80037709,82003916
80037709,82014117
82001753,80029561
82001759,80039928
80029561,82001798
